TicketID,CustomerID,OpenedDate,Category,Priority,ResolutionHours,SatisfactionScore
T20001,C1280,2024-01-01,Onboarding,High,14.3,8.0
T20002,C1362,2023-05-26,Outage,Low,57.5,2.0
T20003,C1125,2024-08-17,Feature Request,Low,86.7,4.0
T20004,C1178,2024-04-19,Technical,High,10.8,6.0
T20005,C1218,2023-09-25,Technical,Medium,45.7,7.0
T20006,C1161,2023-04-13,Outage,Medium,32.6,3.0
T20007,C1162,2023-08-12,Outage,Low,48.9,6.0
T20008,C1303,2023-09-10,Technical,High,16.2,5.0
T20009,C1282,2024-06-18,Technical,Low,63.6,7.0
T20010,C1256,2023-08-25,Onboarding,High,13.600000000000001,9.0
T20011,C1328,2024-09-12,Technical,Low,47.0,4.0
T20012,C1230,2024-05-27,Technical,Medium,51.4,5.0
T20013,C1366,2024-09-24,Technical,High,14.6,7.0
T20014,C1022,2024-09-11,Technical,Low,68.8,6.0
T20015,C1401,2024-11-03,Technical,Medium,24.6,4.0
T20016,C1209,2023-08-18,Billing,High,12.3,7.0
T20017,C1408,2023-04-23,Feature Request,High,13.6,6.0
T20018,C1140,2024-04-27,Feature Request,Low,60.5,4.0
T20019,C1315,2023-07-19,Outage,Medium,26.9,6.0
T20020,C1401,2024-08-13,Feature Request,Low,60.2,6.0
T20021,C1312,2023-10-20,Technical,Medium,17.8,9.0
T20022,C1033,2023-05-14,Feature Request,Low,61.2,5.0
T20023,C1367,2023-04-22,Technical,Medium,32.4,4.0
T20024,C1287,2024-02-11,Outage,Low,50.3,2.0
T20025,C1396,2023-07-20,Onboarding,High,13.9,7.0
T20026,C1020,2024-01-25,Technical,Low,63.2,6.0
T20027,C1403,2023-12-26,Feature Request,Medium,40.0,8.0
T20028,C1352,2023-09-06,Technical,High,1.0,7.0
T20029,C1197,2023-08-18,Technical,Low,75.1,5.0
T20030,C1313,2024-06-27,Billing,Medium,36.2,5.0
T20031,C1262,2024-09-23,Onboarding,Low,57.7,5.0
T20032,C1105,2023-01-25,Technical,High,12.9,8.0
T20033,C1182,2024-11-01,Technical,High,0.4,4.0
T20034,C1153,2024-10-29,Onboarding,High,12.7,8.0
T20035,C1018,2024-03-14,Onboarding,High,10.7,6.0
T20036,C1147,2023-03-02,Billing,High,27.3,3.0
T20037,C1049,2023-04-30,Technical,Medium,41.0,7.0
T20038,C1377,2024-02-15,Onboarding,Medium,38.6,6.0
T20039,C1071,2024-09-11,Technical,Low,48.2,4.0
T20040,C1078,2024-10-08,Technical,Medium,37.5,6.0
T20041,C1144,2024-09-02,Technical,Low,71.1,2.0
T20042,C1050,2024-03-30,Billing,Low,57.1,6.0
T20043,C1141,2023-11-02,Technical,Critical,0.2,6.0
T20044,C1386,2023-10-14,Technical,High,5.3,5.0
T20045,C1036,2024-11-15,Billing,High,7.3,7.0
T20046,C1354,2023-04-25,Technical,Medium,37.5,4.0
T20047,C1380,2024-06-12,Billing,Medium,30.3,3.0
T20048,C1026,2023-06-28,Technical,Low,52.7,4.0
T20049,C1150,2024-07-06,Technical,Low,63.6,7.0
T20050,C1107,2024-08-30,Onboarding,Low,55.8,4.0
T20051,C1073,2024-07-10,Onboarding,Low,68.1,3.0
T20052,C1003,2024-01-04,Technical,Medium,37.3,4.0
T20053,C1103,2023-09-15,Technical,Low,68.0,4.0
T20054,C1135,2024-02-01,Technical,Low,63.5,3.0
T20055,C1159,2023-07-06,Outage,Low,48.3,6.0
T20056,C1346,2024-06-01,Technical,Medium,26.7,7.0
T20057,C1362,2023-05-30,Outage,High,27.5,3.0
T20058,C1279,2024-11-06,Onboarding,Medium,28.6,3.0
T20059,C1137,2024-07-29,Outage,Low,64.3,4.0
T20060,C1300,2023-02-18,Technical,Low,58.9,5.0
T20061,C1191,2023-07-17,Feature Request,Medium,42.3,7.0
T20062,C1346,2024-09-29,Technical,Low,61.9,7.0
T20063,C1134,2024-01-06,Billing,Critical,1.1,6.0
T20064,C1246,2023-10-05,Technical,Medium,44.1,7.0
T20065,C1156,2024-09-19,Feature Request,Critical,8.2,6.0
T20066,C1303,2023-01-03,Billing,Low,68.1,4.0
T20067,C1122,2024-12-06,Feature Request,Low,65.5,4.0
T20068,C1386,2024-09-17,Technical,Low,65.6,7.0
T20069,C1091,2024-11-01,Onboarding,Low,49.2,1.0
T20070,C1066,2024-10-12,Feature Request,Low,69.8,1.0
T20071,C1297,2023-10-04,Billing,Medium,24.4,4.0
T20072,C1293,2023-04-18,Technical,Medium,28.4,4.0
T20073,C1228,2023-02-02,Technical,Low,62.5,3.0
T20074,C1089,2024-06-26,Feature Request,Medium,53.2,7.0
T20075,C1323,2023-04-23,Technical,Low,64.2,9.0
T20076,C1094,2023-12-06,Onboarding,Medium,25.7,7.0
T20077,C1390,2023-02-04,Onboarding,High,14.7,8.0
T20078,C1087,2023-09-27,Billing,Medium,55.5,8.0
T20079,C1168,2023-04-21,Feature Request,Critical,3.5,5.0
T20080,C1196,2023-07-21,Billing,High,12.7,8.0
T20081,C1147,2023-12-22,Feature Request,Low,60.1,6.0
T20082,C1383,2024-01-06,Feature Request,Critical,19.9,5.0
T20083,C1142,2024-09-27,Billing,Low,47.2,8.0
T20084,C1322,2023-12-17,Billing,Low,70.3,6.0
T20086,C1032,2024-01-15,Technical,Low,59.8,1.0
T20087,C1217,2023-10-03,Billing,Critical,4.1,7.0
T20088,C1096,2023-02-08,Technical,Medium,25.0,5.0
T20089,C1318,2024-04-16,Onboarding,Critical,3.4,9.0
T20090,C1113,2023-09-06,Onboarding,Medium,11.1,7.0
T20091,C1198,2023-03-21,Billing,Critical,13.6,9.0
T20092,C1201,2023-03-05,Outage,Low,72.0,3.0
T20093,C1134,2023-05-11,Technical,Low,57.0,4.0
T20094,C1254,2024-01-03,Billing,Low,59.3,5.0
T20095,C1363,2024-01-04,Technical,High,2.4,6.0
T20096,C1113,2023-11-08,Technical,Low,59.6,4.0
T20097,C1098,2024-02-10,Outage,High,6.2,4.0
T20098,C1071,2024-01-11,Outage,Low,50.7,5.0
T20099,C1152,2024-10-24,Feature Request,Medium,31.1,4.0
T20100,C1307,2023-03-19,Onboarding,High,15.9,8.0
T20101,C1068,2023-07-14,Technical,High,8.75,5.0
T20102,C1097,2024-12-21,Technical,Medium,31.8,8.0
T20103,C1098,2023-11-28,Billing,Low,67.6,4.0
T20104,C1367,2024-04-30,Feature Request,Medium,37.8,7.0
T20105,C1175,2024-12-20,Technical,Low,66.7,5.0
T20106,C1225,2023-05-21,Billing,Low,48.8,8.0
T20107,C1139,2024-09-27,Technical,High,9.9,7.0
T20108,C1389,2024-10-05,Feature Request,Medium,23.3,3.0
T20109,C1299,2024-01-28,Onboarding,Medium,25.7,8.0
T20110,C1385,2023-12-07,Feature Request,Low,57.3,5.0
T20111,C1012,2024-02-17,Billing,Medium,46.0,5.0
T20112,C1117,2024-08-16,Feature Request,Critical,15.2,4.0
T20113,C1407,2023-12-13,Technical,Medium,21.8,8.0
T20114,C1338,2023-06-04,Feature Request,High,10.9,6.0
T20115,C1137,2024-04-22,Technical,High,27.2,2.0
T20116,C1123,2024-07-08,Onboarding,Critical,2.8,5.0
T20117,C1175,2024-11-22,Technical,Medium,30.95,4.0
T20118,C1420,2024-07-06,Onboarding,Medium,28.9,5.0
T20119,C1023,2024-08-16,Technical,High,5.2,5.0
T20121,C1206,2023-04-08,Feature Request,Medium,31.4,8.0
T20122,C1406,2024-09-25,Feature Request,Critical,2.6,8.0
T20123,C1158,2024-07-10,Feature Request,Low,61.4,1.0
T20124,C1140,2023-09-08,Technical,Medium,34.4,4.0
T20125,C1084,2024-05-07,Billing,High,27.2,6.0
T20126,C1413,2023-11-21,Onboarding,Medium,25.1,7.0
T20127,C1141,2023-08-17,Technical,Low,74.7,2.0
T20128,C1103,2024-03-07,Feature Request,Critical,22.9,6.0
T20129,C1140,2023-05-22,Onboarding,Critical,14.2,9.0
T20130,C1247,2023-06-11,Billing,Low,72.6,7.0
T20131,C1150,2023-12-12,Feature Request,Medium,27.1,1.0
T20132,C1402,2023-04-19,Technical,Medium,41.0,8.0
T20133,C1263,2024-01-20,Technical,Low,59.4,4.0
T20134,C1204,2024-10-24,Billing,Medium,43.2,4.0
T20135,C1177,2024-11-24,Technical,Medium,31.0,6.0
T20136,C1228,2024-09-01,Billing,High,18.1,6.0
T20137,C1010,2024-01-21,Billing,Low,53.5,5.0
T20138,C1367,2024-11-30,Feature Request,Low,67.6,5.0
T20139,C1108,2023-10-27,Billing,Low,56.9,7.0
T20140,C1145,2024-12-24,Technical,Low,71.0,3.0
T20141,C1111,2024-02-11,Outage,Medium,32.2,3.0
T20142,C1394,2024-05-17,Technical,Medium,41.5,4.0
T20143,C1405,2024-06-27,Outage,Medium,29.5,6.0
T20144,C1065,2023-07-12,Onboarding,Low,51.2,5.0
T20145,C1359,2023-02-02,Billing,Medium,17.0,6.0
T20146,C1305,2024-07-11,Technical,High,29.8,5.0
T20147,C1374,2024-08-04,Onboarding,Medium,35.3,5.0
T20148,C1414,2024-08-05,Onboarding,High,0.0,2.0
T20149,C1077,2023-11-18,Technical,High,16.7,7.0
T20150,C1200,2024-10-31,Technical,Low,44.9,4.0
T20151,C1164,2023-04-13,Feature Request,Medium,40.2,3.0
T20152,C1231,2023-11-25,Technical,High,4.8,5.0
T20153,C1018,2024-12-07,Feature Request,High,0.7,1.0
T20154,C1250,2024-11-19,Technical,High,0.6,9.0
T20155,C1385,2023-07-25,Billing,Low,54.3,6.0
T20156,C1208,2023-09-18,Feature Request,Medium,21.8,7.0
T20157,C1268,2024-05-09,Onboarding,Critical,16.2,9.0
T20158,C1075,2023-06-07,Billing,Medium,19.1,7.0
T20159,C1008,2024-07-23,Onboarding,High,2.3,8.0
T20160,C1338,2023-12-21,Technical,Low,70.2,6.0
T20161,C1404,2023-04-05,Onboarding,Medium,28.8,8.0
T20162,C1239,2023-05-12,Technical,Medium,25.4,9.0
T20163,C1157,2023-02-07,Outage,Low,35.8,6.0
T20164,C1097,2023-06-06,Technical,Medium,35.8,7.0
T20165,C1383,2024-07-16,Billing,High,2.5,10.0
T20166,C1137,2023-01-25,Billing,Medium,20.9,5.0
T20167,C1142,2023-04-02,Feature Request,Low,55.4,5.0
T20168,C1158,2024-01-24,Technical,Medium,58.9,7.0
T20169,C1398,2023-07-15,Onboarding,Low,44.6,6.0
T20170,C1419,2023-01-29,Feature Request,Low,49.8,8.0
T20171,C1282,2024-04-18,Technical,Low,69.5,2.0
T20172,C1302,2024-12-04,Outage,Low,54.3,3.0
T20173,C1332,2024-07-17,Onboarding,High,29.1,3.0
T20174,C1357,2024-01-20,Technical,Low,76.0,4.0
T20175,C1409,2024-10-19,Feature Request,Critical,3.0,8.0
T20176,C1242,2024-09-04,Feature Request,Medium,8.8,6.0
T20177,C1055,2023-12-05,Billing,Medium,34.4,8.0
T20178,C1338,2024-08-20,Technical,Medium,43.1,7.0
T20179,C1307,2023-11-08,Billing,Critical,0.6,8.0
T20180,C1319,2023-04-14,Onboarding,High,21.4,7.0
T20181,C1355,2023-05-23,Outage,High,8.7,8.0
T20182,C1070,2024-10-03,Onboarding,High,14.2,6.0
T20183,C1363,2023-10-02,Technical,Low,59.5,3.0
T20184,C1130,2024-08-06,Technical,High,9.3,6.0
T20185,C1253,2023-10-27,Technical,High,5.1,8.0
T20186,C1040,2023-10-13,Outage,Low,65.0,6.0
T20187,C1114,2024-04-05,Outage,Low,66.4,4.0
T20188,C1071,2023-12-10,Billing,Medium,38.3,6.0
T20189,C1183,2024-11-13,Onboarding,Low,44.6,5.0
T20190,C1145,2024-11-20,Outage,Medium,41.0,6.0
T20191,C1068,2024-11-25,Technical,Low,67.7,6.0
T20192,C1024,2023-11-29,Feature Request,Low,80.1,6.0
T20193,C1175,2024-03-02,Billing,Low,70.8,5.0
T20194,C1002,2024-05-26,Billing,Low,41.9,3.0
T20195,C1312,2024-12-28,Technical,Low,50.6,2.0
T20196,C1365,2023-03-05,Outage,Medium,38.7,1.0
T20197,C1316,2024-05-11,Onboarding,Low,58.8,6.0
T20198,C1094,2023-10-01,Onboarding,Medium,25.9,3.0
T20199,C1140,2024-06-08,Technical,Low,57.7,3.0
T20200,C1179,2024-11-05,Feature Request,Medium,32.5,2.0
T20201,C1072,2023-04-06,Outage,High,5.8,7.0
T20202,C1212,2024-08-16,Onboarding,Low,72.5,7.0
T20203,C1119,2024-07-16,Feature Request,Low,63.4,6.0
T20204,C1411,2023-02-06,Feature Request,Low,49.6,6.0
T20205,C1267,2023-09-01,Technical,High,15.0,8.0
T20206,C1091,2024-09-25,Outage,Medium,50.7,1.0
T20207,C1184,2023-04-30,Technical,Critical,4.2,2.0
T20208,C1029,2023-01-01,Outage,Medium,41.8,4.0
T20209,C1254,2024-11-04,Onboarding,Medium,28.6,7.0
T20210,C1063,2023-08-27,Outage,Low,64.1,3.0
T20211,C1280,2023-02-21,Billing,Low,64.7,2.0
T20212,C1177,2024-04-16,Onboarding,Medium,25.4,4.0
T20213,C1052,2024-11-29,Technical,Low,67.4,6.0
T20214,C1214,2023-05-19,Technical,Low,75.1,6.0
T20215,C1033,2023-01-25,Technical,Low,60.4,7.0
T20216,C1313,2023-12-02,Onboarding,Low,50.4,4.0
T20217,C1269,2024-02-26,Technical,Low,70.8,5.0
T20218,C1046,2024-03-04,Technical,Low,66.7,6.0
T20219,C1140,2024-03-05,Billing,Medium,26.2,6.0
T20220,C1235,2023-08-28,Feature Request,Medium,29.450000000000003,7.0
T20221,C1005,2023-02-10,Billing,Critical,12.9,7.0
T20222,C1072,2024-06-21,Billing,Low,67.9,7.0
T20223,C1165,2023-08-21,Onboarding,Low,64.3,6.0
T20224,C1079,2023-09-21,Outage,Low,54.9,8.0
T20225,C1236,2023-06-16,Onboarding,Medium,26.9,6.0
T20226,C1273,2023-10-25,Technical,Low,50.0,2.0
T20227,C1248,2024-08-15,Billing,High,0.9,9.0
T20228,C1314,2023-12-23,Technical,Medium,33.9,3.0
T20229,C1234,2023-07-26,Billing,Low,61.0,3.0
T20230,C1077,2024-07-05,Billing,High,19.7,5.0
T20231,C1364,2024-01-19,Onboarding,Low,60.0,4.0
T20232,C1409,2024-02-02,Onboarding,High,9.2,9.0
T20233,C1035,2024-09-03,Billing,Medium,30.1,8.0
T20234,C1280,2024-11-14,Billing,Medium,44.3,3.0
T20235,C1415,2024-12-09,Technical,Critical,7.8,8.0
T20236,C1160,2024-06-08,Technical,Medium,31.0,8.0
T20237,C1099,2023-03-14,Billing,High,3.4,6.0
T20238,C1352,2023-08-05,Billing,Medium,28.6,6.0
T20239,C1324,2023-11-11,Feature Request,Medium,11.3,5.0
T20240,C1354,2023-11-12,Technical,Low,52.9,4.0
T20241,C1182,2024-11-12,Technical,Low,71.0,1.0
T20242,C1222,2023-09-22,Outage,Medium,16.3,7.0
T20243,C1232,2023-11-17,Onboarding,Low,70.1,6.0
T20244,C1022,2024-01-29,Feature Request,Low,52.3,7.0
T20245,C1335,2023-05-20,Outage,Low,63.7,5.0
T20246,C1021,2023-08-19,Outage,High,9.4,5.0
T20247,C1134,2023-01-11,Onboarding,Low,52.5,8.0
T20248,C1195,2024-04-13,Feature Request,Medium,35.2,1.0
T20249,C1358,2023-03-08,Onboarding,High,4.6,8.0
T20251,C1125,2023-02-14,Technical,Low,65.4,5.0
T20252,C1250,2024-01-17,Feature Request,Low,51.1,3.0
T20253,C1262,2024-07-01,Billing,High,21.6,6.0
T20254,C1371,2024-10-18,Billing,Medium,23.8,10.0
T20255,C1249,2024-05-13,Technical,Medium,42.1,6.0
T20256,C1321,2024-10-21,Billing,Low,51.5,2.0
T20257,C1382,2023-06-24,Billing,High,11.9,8.0
T20258,C1411,2023-01-20,Billing,Low,52.9,3.0
T20259,C1264,2023-04-17,Billing,Medium,17.2,10.0
T20260,C1323,2023-09-09,Onboarding,Low,66.8,7.0
T20261,C1075,2024-07-22,Feature Request,Medium,6.0,10.0
T20262,C1355,2024-12-22,Onboarding,Medium,22.2,4.0
T20263,C1144,2023-10-31,Outage,High,14.1,6.0
T20264,C1138,2024-04-23,Technical,Low,51.9,4.0
T20265,C1298,2024-10-31,Onboarding,Medium,21.5,10.0
T20266,C1193,2023-10-21,Feature Request,High,4.0,5.0
T20267,C1163,2023-09-05,Billing,High,26.0,2.0
T20268,C1049,2024-07-25,Billing,Critical,0.2,9.0
T20269,C1410,2024-11-30,Onboarding,High,3.7,5.0
T20270,C1007,2023-04-06,Billing,Critical,9.4,7.0
T20271,C1323,2023-10-31,Billing,Medium,23.4,9.0
T20272,C1264,2024-09-11,Technical,Low,53.5,2.0
T20273,C1187,2024-12-29,Technical,Critical,12.7,6.0
T20274,C1317,2024-12-27,Onboarding,Critical,0.7,9.0
T20275,C1001,2023-10-24,Technical,Low,63.1,4.0
T20276,C1383,2023-08-03,Billing,Low,79.9,7.0
T20277,C1104,2023-10-02,Technical,Low,68.5,2.0
T20278,C1368,2024-12-10,Outage,High,17.6,8.0
T20279,C1366,2023-09-29,Billing,Low,47.2,6.0
T20280,C1331,2023-12-17,Technical,High,15.7,7.0
T20281,C1358,2023-05-21,Feature Request,Low,42.1,3.0
T20282,C1415,2023-03-23,Onboarding,High,20.4,3.0
T20283,C1308,2023-03-14,Technical,Low,60.55,6.0
T20284,C1338,2024-04-25,Billing,Critical,20.5,10.0
T20285,C1239,2023-10-08,Onboarding,Low,47.3,6.0
T20286,C1037,2023-07-31,Onboarding,Medium,29.4,5.0
T20287,C1093,2024-12-06,Billing,High,6.6,6.0
T20288,C1293,2023-01-28,Technical,Medium,23.1,6.0
T20289,C1377,2023-11-07,Onboarding,Medium,52.4,8.0
T20290,C1272,2023-03-25,Outage,Medium,28.2,3.0
T20291,C1290,2023-05-27,Feature Request,High,13.5,10.0
T20292,C1317,2024-12-19,Feature Request,Medium,22.6,5.0
T20293,C1302,2023-10-17,Billing,Low,59.4,6.0
T20294,C1102,2023-08-17,Feature Request,Medium,32.2,6.0
T20295,C1067,2023-04-08,Feature Request,Critical,10.3,7.0
T20296,C1152,2024-05-19,Billing,Low,61.0,3.0
T20297,C1112,2024-05-03,Onboarding,Low,63.3,4.0
T20298,C1333,2024-09-14,Technical,Medium,19.9,4.0
T20299,C1292,2023-05-03,Onboarding,Low,70.2,6.0
T20300,C1251,2024-02-09,Billing,Critical,4.6,7.5
T20301,C1244,2024-12-02,Billing,High,16.6,8.0
T20302,C1375,2023-04-27,Technical,Low,63.7,4.0
T20303,C1379,2023-11-25,Feature Request,Medium,29.6,7.0
T20304,C1197,2023-07-09,Outage,High,25.0,4.0
T20305,C1116,2023-08-10,Technical,Medium,27.9,1.0
T20306,C1215,2024-08-21,Billing,Medium,43.7,5.0
T20307,C1040,2024-07-21,Feature Request,High,17.2,9.0
T20308,C1125,2024-09-09,Technical,Low,69.9,5.0
T20309,C1231,2024-09-30,Technical,Low,49.6,6.0
T20310,C1175,2024-02-14,Billing,Medium,51.0,5.0
T20311,C1221,2024-10-22,Technical,High,10.8,5.0
T20312,C1194,2024-04-12,Onboarding,Low,54.6,7.0
T20313,C1339,2024-07-23,Onboarding,Medium,33.8,3.0
T20314,C1318,2024-04-16,Onboarding,Low,51.4,3.0
T20315,C1329,2023-10-06,Feature Request,Medium,17.5,5.0
T20316,C1242,2024-10-01,Feature Request,High,12.4,5.0
T20317,C1312,2023-12-22,Technical,High,28.2,3.0
T20318,C1059,2024-04-28,Technical,Medium,20.1,9.0
T20319,C1060,2023-08-19,Feature Request,Low,49.8,4.0
T20320,C1316,2024-04-22,Feature Request,Medium,18.3,3.0
T20321,C1313,2024-03-23,Technical,Low,84.4,7.0
T20322,C1156,2024-09-30,Technical,High,3.5,7.0
T20323,C1112,2023-12-18,Billing,High,10.4,8.0
T20324,C1298,2023-05-24,Billing,Low,66.9,2.0
T20325,C1054,2024-05-28,Technical,High,0.2,6.0
T20326,C1078,2024-10-16,Billing,Low,58.5,5.0
T20327,C1165,2023-01-08,Technical,Low,70.9,5.0
T20328,C1192,2023-05-18,Billing,Low,65.5,7.0
T20329,C1113,2024-02-18,Onboarding,Low,58.6,6.0
T20330,C1129,2024-10-19,Billing,Critical,10.0,9.0
T20331,C1327,2024-01-09,Feature Request,Low,62.1,7.0
T20332,C1157,2023-04-09,Technical,Medium,21.7,5.0
T20333,C1333,2023-12-21,Onboarding,High,26.5,6.0
T20334,C1046,2023-07-18,Technical,High,15.1,7.0
T20335,C1363,2024-09-11,Technical,High,20.2,9.0
T20336,C1319,2024-11-29,Technical,Medium,30.2,5.0
T20337,C1372,2024-01-31,Onboarding,Medium,28.6,5.0
T20338,C1398,2023-04-16,Feature Request,Medium,24.1,6.0
T20339,C1177,2023-03-20,Feature Request,High,26.0,6.0
T20340,C1235,2024-12-27,Technical,High,2.3,10.0
T20341,C1016,2023-03-15,Onboarding,Critical,8.2,7.0
T20342,C1261,2024-10-27,Technical,High,12.7,4.0
T20343,C1253,2024-05-16,Billing,Low,70.5,7.0
T20344,C1027,2023-12-01,Billing,Critical,2.7,10.0
T20345,C1215,2023-08-05,Feature Request,Medium,28.1,5.0
T20346,C1052,2024-04-29,Outage,Critical,0.4,4.0
T20347,C1049,2024-09-08,Outage,Medium,25.1,4.0
T20348,C1014,2023-08-15,Billing,Low,65.0,5.0
T20349,C1384,2024-04-28,Onboarding,High,0.5,7.0
T20350,C1191,2023-12-01,Technical,Critical,4.8,6.0
T20351,C1341,2023-06-05,Outage,High,19.5,5.0
T20352,C1126,2024-08-21,Technical,Low,69.2,5.0
T20353,C1143,2024-07-11,Billing,Low,47.3,2.0
T20354,C1339,2023-09-29,Technical,Medium,25.2,4.0
T20355,C1266,2023-02-23,Technical,Low,54.9,5.0
T20356,C1063,2024-06-10,Outage,High,31.4,6.0
T20357,C1155,2024-05-17,Technical,Medium,21.7,10.0
T20358,C1198,2023-11-02,Outage,Low,62.0,6.0
T20359,C1080,2023-02-01,Billing,Medium,25.9,6.0
T20360,C1276,2023-01-27,Feature Request,High,2.7,7.0
T20361,C1301,2023-10-25,Billing,High,11.7,7.0
T20362,C1072,2024-02-06,Technical,Low,73.0,4.0
T20363,C1186,2024-11-29,Technical,Medium,32.4,6.0
T20364,C1105,2023-02-04,Feature Request,Low,51.1,5.0
T20365,C1060,2024-11-03,Feature Request,Low,64.4,7.0
T20366,C1097,2023-12-23,Technical,Medium,7.5,8.0
T20367,C1061,2023-12-09,Billing,Medium,35.6,8.0
T20368,C1214,2023-06-01,Feature Request,Medium,13.4,9.0
T20369,C1076,2024-09-13,Outage,Low,68.2,4.0
T20370,C1265,2023-01-15,Technical,Medium,46.9,3.0
T20371,C1116,2023-12-11,Onboarding,Medium,33.8,5.0
T20372,C1229,2023-03-18,Feature Request,Low,56.6,2.0
T20373,C1126,2024-07-17,Outage,Medium,31.0,3.0
T20374,C1015,2024-07-10,Technical,Low,49.4,4.0
T20375,C1370,2024-03-12,Technical,Medium,40.0,4.0
T20376,C1392,2023-12-26,Outage,Low,59.6,1.0
T20377,C1313,2024-12-04,Onboarding,Medium,18.9,10.0
T20378,C1206,2024-10-14,Technical,Medium,30.9,7.0
T20379,C1146,2023-01-13,Billing,Medium,18.5,5.0
T20380,C1233,2023-11-20,Technical,Medium,17.5,8.0
T20381,C1225,2023-07-15,Technical,Medium,43.7,5.0
T20382,C1380,2024-09-10,Billing,Medium,25.2,6.0
T20383,C1014,2023-04-23,Feature Request,Critical,9.1,7.0
T20384,C1312,2023-10-06,Billing,Low,42.4,5.0
T20385,C1386,2024-05-19,Onboarding,Low,59.9,4.0
T20386,C1127,2023-07-12,Feature Request,Medium,35.9,6.0
T20387,C1167,2023-09-27,Billing,Medium,36.9,5.0
T20388,C1130,2024-10-11,Outage,Low,46.9,9.0
T20389,C1016,2023-05-27,Technical,Low,69.3,7.0
T20390,C1086,2024-08-27,Billing,Medium,29.7,4.0
T20391,C1276,2023-02-07,Technical,Critical,0.1,8.0
T20392,C1107,2023-12-11,Technical,High,18.3,7.0
T20393,C1267,2023-04-19,Onboarding,Low,65.1,5.0
T20394,C1112,2024-03-05,Billing,Medium,56.4,5.0
T20395,C1025,2023-11-17,Billing,Low,61.8,2.0
T20396,C1056,2023-09-09,Onboarding,Low,53.8,5.0
T20397,C1356,2024-05-12,Outage,Low,48.9,7.0
T20398,C1073,2023-07-22,Feature Request,Low,62.5,3.0
T20399,C1254,2023-02-24,Billing,High,14.1,2.0
T20400,C1003,2024-05-25,Technical,Low,33.0,2.0
T20401,C1082,2024-07-15,Onboarding,Low,64.5,4.0
T20402,C1335,2024-10-16,Technical,High,24.2,2.0
T20403,C1078,2024-11-10,Technical,High,4.1,9.0
T20404,C1053,2024-07-21,Onboarding,Critical,8.1,7.0
T20405,C1284,2023-12-09,Feature Request,Low,49.4,5.0
T20406,C1234,2024-11-19,Technical,Critical,4.5,8.0
T20408,C1328,2023-05-29,Technical,Low,67.7,4.0
T20409,C1313,2024-07-20,Feature Request,Medium,34.3,5.0
T20410,C1364,2024-10-04,Outage,Low,49.8,3.0
T20411,C1322,2024-02-29,Onboarding,Low,53.0,6.0
T20412,C1379,2023-02-22,Onboarding,Low,57.1,4.0
T20413,C1093,2023-12-07,Technical,Low,57.2,3.0
T20414,C1305,2024-02-22,Technical,Critical,2.2,8.0
T20415,C1033,2023-07-25,Outage,Low,68.3,5.0
T20416,C1192,2024-04-21,Technical,High,6.4,4.0
T20417,C1050,2023-01-07,Billing,High,0.9,6.0
T20418,C1414,2024-07-25,Outage,Medium,25.5,6.0
T20419,C1279,2024-02-07,Onboarding,Medium,15.3,7.0
T20420,C1207,2023-06-29,Billing,Low,66.2,2.0
T20421,C1022,2024-11-18,Billing,Low,59.2,3.0
T20422,C1195,2024-01-19,Onboarding,Medium,23.9,8.0
T20423,C1035,2024-05-14,Technical,Low,61.2,5.0
T20424,C1082,2023-09-21,Billing,Medium,34.2,5.0
T20425,C1088,2023-09-21,Feature Request,Medium,24.6,7.0
T20426,C1152,2023-07-07,Technical,Medium,31.1,6.0
T20427,C1078,2024-09-07,Feature Request,High,10.2,6.0
T20428,C1264,2024-02-25,Onboarding,Medium,18.6,8.0
T20429,C1131,2024-10-07,Onboarding,Medium,36.0,5.0
T20430,C1176,2024-07-13,Feature Request,Medium,29.0,1.0
T20431,C1052,2024-09-19,Technical,Medium,38.8,5.0
T20432,C1245,2024-05-17,Technical,Low,60.2,4.0
T20433,C1044,2024-05-13,Feature Request,High,3.9,5.0
T20434,C1293,2023-08-14,Feature Request,Low,64.1,6.0
T20435,C1084,2024-01-25,Technical,High,5.9,9.0
T20436,C1221,2024-02-14,Technical,Critical,2.1,7.0
T20437,C1246,2023-04-10,Onboarding,Medium,46.7,8.0
T20438,C1093,2024-03-10,Feature Request,Medium,25.7,5.0
T20439,C1061,2023-11-21,Technical,Medium,39.3,5.0
T20440,C1276,2024-05-13,Billing,High,12.7,5.0
T20441,C1253,2024-06-26,Technical,Medium,31.0,6.0
T20442,C1359,2024-05-28,Technical,High,1.5,9.0
T20443,C1364,2024-05-27,Outage,High,11.1,6.0
T20444,C1333,2023-01-01,Technical,Critical,15.2,4.0
T20445,C1025,2024-11-20,Feature Request,Medium,33.3,4.0
T20446,C1391,2024-09-26,Billing,High,6.8,4.0
T20447,C1341,2024-06-27,Technical,Medium,30.95,3.0
T20448,C1368,2023-11-17,Onboarding,High,20.8,7.0
T20449,C1323,2024-02-15,Feature Request,Low,56.1,3.0
T20450,C1304,2023-02-15,Technical,Medium,50.6,1.0
T20451,C1005,2023-12-13,Outage,Low,62.1,8.0
T20452,C1128,2024-11-08,Technical,High,18.4,5.0
T20453,C1280,2024-08-31,Onboarding,Low,55.0,2.0
T20454,C1229,2024-08-06,Feature Request,Medium,27.4,1.0
T20455,C1335,2023-09-01,Technical,Critical,9.9,7.0
T20456,C1416,2024-01-30,Onboarding,Medium,28.6,1.0
T20457,C1084,2023-01-29,Billing,High,28.2,2.0
T20458,C1292,2023-10-13,Technical,Low,62.7,3.0
T20459,C1245,2023-07-29,Feature Request,High,4.7,6.0
T20460,C1142,2023-01-10,Feature Request,Critical,0.2,6.0
T20461,C1115,2023-11-19,Technical,Low,47.8,6.0
T20462,C1006,2024-10-30,Technical,High,3.0,8.0
T20463,C1089,2023-01-28,Feature Request,Medium,43.8,6.0
T20464,C1362,2024-11-24,Outage,Low,55.5,3.0
T20465,C1305,2024-03-05,Technical,Medium,33.7,3.0
T20466,C1098,2024-12-14,Feature Request,Critical,17.6,7.0
T20467,C1017,2024-02-17,Technical,Low,39.2,5.0
T20468,C1240,2024-09-14,Onboarding,Medium,56.5,3.0
T20469,C1115,2023-04-02,Onboarding,Low,50.1,5.0
T20470,C1282,2024-08-02,Onboarding,Medium,42.6,2.0
T20471,C1377,2024-09-15,Feature Request,High,32.3,5.0
T20472,C1029,2024-02-19,Billing,Critical,12.8,5.0
T20473,C1264,2023-09-29,Technical,High,3.5,9.0
T20474,C1210,2024-10-20,Feature Request,High,2.5,8.0
T20475,C1380,2024-06-28,Billing,Low,56.9,8.0
T20476,C1321,2024-01-06,Feature Request,Medium,39.5,5.0
T20477,C1067,2024-09-20,Onboarding,Medium,29.9,7.0
T20478,C1002,2023-12-23,Technical,High,11.9,9.0
T20479,C1116,2023-07-04,Outage,Low,67.3,8.0
T20481,C1149,2023-01-13,Billing,Medium,23.7,6.0
T20482,C1020,2024-07-16,Onboarding,Medium,36.4,6.0
T20483,C1348,2024-03-21,Onboarding,High,5.9,9.0
T20484,C1214,2024-01-05,Technical,Low,48.2,5.0
T20485,C1371,2024-10-04,Billing,Medium,33.8,6.0
T20486,C1278,2024-07-17,Feature Request,High,4.6,7.0
T20487,C1366,2024-08-31,Feature Request,Low,59.3,4.0
T20488,C1256,2024-07-09,Onboarding,Low,50.2,5.0
T20489,C1329,2023-02-17,Billing,Medium,51.7,5.0
T20490,C1266,2023-03-09,Onboarding,Critical,12.1,10.0
T20491,C1157,2023-07-29,Technical,Low,78.9,6.0
T20492,C1281,2023-03-20,Billing,Low,60.1,2.0
T20493,C1006,2024-05-02,Technical,Low,69.7,5.0
T20494,C1036,2024-08-31,Technical,High,9.2,9.0
T20495,C1357,2024-11-11,Technical,High,4.1,10.0
T20496,C1378,2024-12-19,Billing,Low,58.4,4.0
T20497,C1087,2024-05-04,Onboarding,Low,54.4,6.0
T20498,C1010,2024-02-29,Technical,High,7.2,7.0
T20499,C1299,2023-10-06,Technical,Medium,47.0,4.0
T20500,C1307,2023-05-26,Billing,High,9.2,6.0
T20501,C1063,2024-11-20,Technical,Medium,18.2,6.0
T20502,C1256,2024-05-11,Feature Request,Medium,36.6,2.0
T20503,C1322,2024-10-01,Billing,High,25.1,6.0
T20504,C1369,2023-09-03,Feature Request,Medium,30.3,7.0
T20505,C1082,2024-07-17,Technical,Low,60.8,5.0
T20506,C1111,2024-06-11,Technical,Medium,27.4,2.0
T20507,C1176,2023-03-23,Onboarding,Medium,24.6,5.0
T20508,C1099,2024-09-01,Billing,High,9.9,6.0
T20509,C1064,2024-08-10,Feature Request,Medium,22.1,8.0
T20510,C1261,2024-12-14,Onboarding,High,19.5,7.0
T20511,C1280,2024-05-01,Technical,Critical,2.7,9.0
T20512,C1185,2024-02-25,Technical,Critical,9.4,4.0
T20513,C1390,2023-02-13,Billing,Medium,43.3,5.0
T20514,C1167,2024-11-07,Technical,High,6.8,8.0
T20515,C1111,2023-03-19,Feature Request,Critical,13.7,8.0
T20516,C1160,2024-01-25,Billing,Low,45.2,4.0
T20517,C1269,2024-10-13,Onboarding,Low,50.7,4.0
T20518,C1260,2024-09-16,Technical,Low,72.5,5.0
T20519,C1135,2024-03-27,Billing,Low,55.7,6.0
T20520,C1374,2023-02-24,Billing,High,21.7,9.0
T20521,C1174,2023-06-18,Technical,Medium,34.2,5.0
T20522,C1260,2023-07-08,Onboarding,Medium,34.6,6.0
T20523,C1054,2023-10-13,Outage,Low,46.5,4.0
T20524,C1406,2024-09-10,Technical,Low,65.1,5.0
T20525,C1182,2024-10-01,Feature Request,Low,67.7,5.0
T20526,C1287,2024-01-25,Billing,Medium,52.6,5.0
T20527,C1029,2023-04-25,Feature Request,Low,66.8,7.0
T20528,C1002,2023-10-23,Onboarding,High,13.3,9.0
T20529,C1313,2024-08-24,Technical,Low,61.5,3.0
T20530,C1360,2024-05-08,Outage,Low,47.3,3.0
T20531,C1252,2024-11-04,Technical,Medium,35.9,5.0
T20532,C1283,2024-11-11,Onboarding,Medium,44.2,3.0
T20533,C1336,2023-08-20,Billing,High,8.1,2.0
T20534,C1001,2024-04-19,Feature Request,Medium,12.1,8.0
T20535,C1120,2023-10-14,Technical,Low,68.3,6.0
T20536,C1372,2023-05-20,Billing,Low,63.6,5.0
T20537,C1303,2023-04-07,Technical,Medium,32.0,4.0
T20538,C1253,2024-02-07,Outage,Low,58.7,6.0
T20539,C1111,2023-04-30,Feature Request,Low,71.2,7.0
T20540,C1170,2024-05-15,Feature Request,Low,52.0,5.0
T20541,C1236,2023-01-02,Feature Request,Low,60.0,4.0
T20542,C1395,2024-03-26,Technical,Medium,35.0,4.0
T20543,C1356,2024-01-15,Technical,High,1.0,3.0
T20544,C1415,2023-02-10,Feature Request,Low,71.5,2.0
T20545,C1213,2024-01-31,Onboarding,Low,44.3,6.0
T20546,C1121,2023-05-03,Onboarding,High,17.0,2.0
T20547,C1022,2024-07-11,Technical,Low,54.4,6.0
T20548,C1134,2023-06-17,Feature Request,High,20.7,8.0
T20549,C1112,2024-10-30,Technical,Medium,30.3,5.0
T20550,C1198,2023-07-21,Billing,High,21.6,8.0
T20551,C1303,2023-11-23,Billing,High,9.7,7.0
T20552,C1079,2024-05-04,Feature Request,Medium,24.7,8.0
T20553,C1157,2023-02-19,Outage,High,0.7,6.0
T20554,C1029,2024-08-30,Billing,High,6.5,7.0
T20555,C1087,2024-06-01,Technical,Medium,32.8,6.0
T20556,C1304,2024-02-05,Feature Request,High,7.2,6.0
T20557,C1056,2023-10-06,Feature Request,High,9.9,6.0
T20558,C1416,2024-07-06,Feature Request,Medium,22.9,6.0
T20559,C1207,2024-09-05,Onboarding,High,21.4,8.0
T20560,C1264,2024-12-25,Feature Request,Low,53.9,3.0
T20561,C1082,2024-10-03,Technical,Low,57.3,1.0
T20562,C1177,2024-12-03,Outage,High,12.6,7.0
T20563,C1165,2024-04-12,Billing,Low,62.8,6.0
T20564,C1302,2024-11-06,Technical,Medium,32.7,4.0
T20565,C1375,2023-12-12,Technical,Medium,19.8,9.0
T20566,C1113,2024-02-09,Billing,Critical,23.7,4.0
T20567,C1056,2024-11-18,Technical,Medium,28.1,3.0
T20568,C1393,2023-09-07,Onboarding,Medium,31.5,4.0
T20569,C1148,2024-04-24,Onboarding,Low,68.6,3.0
T20570,C1339,2023-09-15,Outage,Low,46.4,3.0
T20571,C1291,2024-10-04,Billing,Medium,5.3,7.0
T20572,C1205,2023-12-17,Technical,Medium,27.3,6.0
T20573,C1023,2024-10-17,Technical,Low,54.6,5.0
T20574,C1244,2024-02-11,Feature Request,Low,45.0,2.0
T20575,C1394,2023-05-29,Technical,Low,55.3,5.0
T20576,C1046,2024-05-26,Billing,Low,71.9,5.0
T20577,C1393,2023-02-06,Technical,Low,67.4,8.0
T20578,C1273,2024-11-11,Technical,Low,72.2,7.0
T20579,C1358,2024-11-01,Feature Request,Medium,17.2,6.0
T20581,C1199,2024-11-23,Technical,Low,59.4,5.0
T20582,C1009,2024-10-13,Technical,High,0.8,10.0
T20583,C1055,2024-03-28,Billing,Low,47.6,4.0
T20584,C1366,2024-11-10,Onboarding,High,10.1,9.0
T20585,C1407,2024-05-02,Technical,Medium,13.5,5.0
T20586,C1161,2023-10-15,Technical,High,22.3,7.0
T20587,C1032,2024-12-09,Onboarding,Medium,17.0,9.0
T20588,C1285,2023-09-08,Technical,Low,69.1,7.0
T20589,C1247,2023-12-28,Billing,Low,72.2,3.0
T20590,C1139,2024-11-17,Onboarding,Low,69.5,5.0
T20591,C1223,2024-12-30,Technical,High,7.0,8.0
T20592,C1344,2024-04-28,Technical,Low,53.8,7.0
T20593,C1078,2023-12-27,Onboarding,Medium,13.8,4.0
T20594,C1257,2024-12-08,Technical,High,0.9,5.0
T20595,C1403,2024-03-07,Billing,Low,42.2,5.0
T20596,C1032,2023-01-25,Feature Request,Low,67.1,5.0
T20598,C1413,2024-09-30,Technical,Low,52.9,8.0
T20599,C1217,2024-07-23,Billing,Low,52.4,4.0
T20600,C1411,2023-06-19,Technical,Low,53.1,8.0
T20601,C1215,2024-08-17,Technical,Critical,12.5,5.0
T20602,C1351,2024-09-16,Feature Request,Medium,9.6,4.0
T20603,C1408,2024-07-23,Technical,Low,70.1,2.0
T20604,C1225,2024-01-21,Feature Request,Critical,7.0,6.0
T20605,C1166,2023-07-17,Onboarding,Medium,44.3,2.0
T20606,C1386,2023-05-09,Technical,Medium,29.8,4.0
T20607,C1251,2023-06-16,Technical,Low,58.8,5.0
T20608,C1065,2024-12-04,Feature Request,High,7.5,10.0
T20609,C1149,2023-10-16,Outage,Medium,35.2,4.0
T20610,C1387,2023-04-03,Billing,High,30.4,8.0
T20611,C1363,2024-07-21,Outage,Low,52.5,5.0
T20612,C1123,2024-11-27,Onboarding,High,0.8,8.0
T20613,C1267,2023-01-11,Outage,Low,40.7,7.0
T20614,C1247,2023-07-20,Technical,High,10.0,4.0
T20615,C1309,2024-08-13,Outage,Medium,31.6,7.0
T20616,C1218,2024-01-19,Onboarding,Low,64.3,7.0
T20617,C1408,2024-05-14,Onboarding,High,14.8,8.0
T20618,C1256,2024-10-13,Technical,Low,59.7,2.0
T20619,C1406,2024-11-05,Billing,Medium,42.8,6.0
T20620,C1088,2023-11-18,Technical,Low,61.3,7.0
T20621,C1176,2024-12-16,Feature Request,High,3.9,8.0
T20622,C1031,2023-10-01,Billing,Medium,32.6,8.0
T20623,C1352,2024-04-05,Onboarding,Medium,24.8,6.0
T20624,C1288,2024-08-24,Feature Request,High,16.5,9.0
T20625,C1403,2024-06-01,Feature Request,Medium,36.0,6.0
T20626,C1220,2023-11-09,Outage,Low,77.4,3.0
T20627,C1349,2023-07-03,Outage,Medium,33.3,3.0
T20628,C1201,2024-09-25,Technical,Low,64.5,8.0
T20629,C1353,2024-10-12,Onboarding,Medium,14.2,9.0
T20630,C1243,2023-10-15,Feature Request,High,22.7,4.0
T20631,C1049,2024-09-16,Technical,Critical,7.8,6.0
T20632,C1251,2024-10-16,Onboarding,Low,64.3,4.0
T20633,C1127,2024-08-02,Billing,Low,46.8,2.0
T20634,C1018,2023-03-28,Feature Request,Medium,26.4,6.0
T20635,C1126,2023-08-07,Outage,High,10.9,7.0
T20636,C1176,2024-07-06,Onboarding,Medium,34.2,4.0
T20637,C1070,2024-01-17,Technical,Medium,13.0,8.0
T20638,C1274,2023-10-24,Technical,Medium,31.0,3.0
T20639,C1069,2023-02-14,Technical,High,5.9,6.0
T20640,C1345,2024-06-27,Onboarding,Medium,15.9,9.0
T20641,C1001,2023-11-17,Technical,Medium,17.0,8.0
T20642,C1011,2024-12-12,Onboarding,Low,56.5,4.0
T20643,C1351,2023-12-25,Technical,Critical,21.5,9.0
T20644,C1338,2023-07-20,Billing,Low,66.4,7.0
T20645,C1121,2024-08-21,Feature Request,Medium,15.0,7.0
T20646,C1109,2023-05-01,Billing,Medium,40.0,9.0
T20647,C1170,2023-03-22,Billing,Low,48.8,4.0
T20648,C1313,2024-10-20,Billing,Low,67.6,10.0
T20649,C1384,2024-01-02,Technical,Medium,19.1,7.0
T20650,C1063,2024-02-27,Technical,Low,62.1,4.0
T20651,C1183,2024-02-25,Billing,Medium,30.1,5.0
T20652,C1269,2024-06-22,Onboarding,High,2.1,6.0
T20653,C1143,2023-07-08,Technical,Low,51.3,10.0
T20654,C1330,2023-04-26,Onboarding,Medium,25.5,3.0
T20655,C1159,2023-09-04,Outage,Medium,39.4,6.0
T20656,C1325,2024-02-07,Billing,Medium,35.2,4.0
T20657,C1216,2024-10-01,Onboarding,Low,49.3,7.0
T20658,C1261,2024-09-24,Billing,Low,61.8,4.0
T20659,C1284,2023-12-31,Feature Request,Medium,35.9,4.0
T20660,C1123,2023-10-20,Onboarding,Medium,36.9,4.0
T20661,C1036,2023-02-17,Technical,Medium,36.0,3.0
T20662,C1113,2023-09-23,Outage,Low,60.1,4.0
T20663,C1322,2024-09-24,Technical,Low,67.2,4.0
T20664,C1074,2023-11-27,Billing,Critical,3.4,6.0
T20665,C1072,2024-02-22,Technical,High,17.6,5.0
T20666,C1112,2024-12-02,Feature Request,High,8.8,9.0
T20667,C1164,2023-04-17,Onboarding,Medium,26.4,4.0
T20668,C1272,2023-01-02,Technical,High,10.9,4.0
T20669,C1119,2023-10-06,Onboarding,Low,47.3,7.0
T20670,C1097,2024-01-30,Technical,Low,71.3,5.0
T20671,C1173,2024-02-29,Technical,Medium,23.1,5.0
T20672,C1032,2024-08-21,Feature Request,Low,67.5,2.0
T20673,C1235,2023-04-01,Billing,Low,70.6,3.0
T20674,C1150,2023-05-30,Technical,Low,44.3,7.0
T20675,C1101,2024-08-02,Billing,Medium,29.9,3.0
T20676,C1188,2024-08-05,Onboarding,Low,62.4,5.0
T20677,C1366,2023-08-21,Technical,Low,56.9,3.0
T20678,C1141,2023-06-18,Onboarding,Medium,33.5,3.0
T20679,C1016,2023-05-17,Outage,Low,48.9,6.0
T20680,C1245,2024-05-01,Billing,Medium,30.6,1.0
T20681,C1128,2024-08-18,Onboarding,Low,55.6,8.0
T20682,C1037,2024-06-05,Billing,Low,67.2,5.0
T20683,C1182,2024-12-21,Billing,Medium,29.2,5.0
T20684,C1275,2024-04-17,Onboarding,Medium,26.9,4.0
T20685,C1106,2023-06-03,Onboarding,Critical,7.3,6.0
T20686,C1354,2024-04-04,Billing,Medium,23.5,8.0
T20687,C1127,2024-06-27,Technical,Medium,17.5,7.0
T20688,C1065,2023-11-23,Technical,Medium,16.5,6.0
T20689,C1284,2024-06-05,Onboarding,Medium,37.6,4.0
T20690,C1086,2024-12-07,Outage,Low,72.8,1.0
T20691,C1249,2023-03-25,Technical,Low,40.3,8.0
T20692,C1340,2024-10-17,Billing,High,8.2,8.0
T20693,C1227,2024-09-17,Outage,High,17.6,7.0
T20694,C1215,2023-01-30,Onboarding,Low,47.3,6.0
T20695,C1211,2023-07-23,Billing,Low,57.9,5.0
T20696,C1087,2024-05-04,Technical,Low,61.3,3.0
T20697,C1028,2024-06-16,Technical,Critical,4.7,6.0
T20698,C1192,2023-08-06,Technical,Medium,25.4,4.0
T20699,C1254,2024-12-24,Billing,Low,57.0,6.0
T20700,C1116,2023-05-24,Onboarding,Critical,9.1,6.0
T20701,C1078,2023-12-31,Technical,Medium,38.7,8.0
T20702,C1075,2023-08-15,Technical,Low,51.4,4.0
T20703,C1245,2024-03-21,Onboarding,Low,72.3,4.0
T20704,C1065,2024-11-13,Outage,Low,56.1,4.0
T20705,C1166,2024-05-25,Onboarding,Low,60.0,6.0
T20706,C1018,2024-10-09,Feature Request,Medium,43.2,4.0
T20707,C1126,2024-10-14,Technical,Critical,5.1,6.0
T20708,C1354,2023-02-27,Feature Request,Low,63.0,6.0
T20709,C1390,2023-01-12,Technical,High,8.5,10.0
T20710,C1406,2023-02-20,Technical,High,19.4,8.0
T20711,C1021,2023-12-02,Billing,High,36.5,5.0
T20712,C1139,2023-05-03,Outage,Low,68.9,4.0
T20713,C1035,2023-04-10,Feature Request,Medium,22.3,8.0
T20714,C1038,2023-04-21,Technical,Low,73.5,3.0
T20715,C1399,2023-04-12,Outage,Low,57.6,4.0
T20716,C1017,2023-11-02,Technical,Low,53.5,5.0
T20717,C1015,2023-02-10,Onboarding,Low,55.5,5.0
T20718,C1028,2023-10-26,Onboarding,Low,66.0,2.0
T20719,C1350,2023-01-14,Onboarding,Low,76.3,5.0
T20720,C1206,2024-04-24,Onboarding,Medium,35.1,3.0
T20721,C1160,2024-09-28,Onboarding,Low,66.8,4.0
T20722,C1222,2023-09-28,Billing,Low,65.5,2.0
T20723,C1363,2023-07-25,Onboarding,Low,60.5,7.0
T20724,C1003,2024-09-28,Billing,Low,46.9,3.0
T20725,C1252,2023-01-22,Billing,Medium,40.6,4.0
T20726,C1074,2023-03-24,Feature Request,High,24.7,3.0
T20727,C1363,2024-04-10,Onboarding,Medium,47.2,4.0
T20728,C1346,2023-02-01,Onboarding,Low,37.5,6.0
T20729,C1033,2023-03-17,Technical,Low,52.6,6.0
T20730,C1010,2024-10-30,Technical,Low,74.3,2.0
T20731,C1193,2023-04-29,Feature Request,Medium,29.1,5.0
T20732,C1270,2023-06-25,Technical,High,27.2,8.0
T20733,C1107,2023-08-01,Technical,Medium,34.2,4.0
T20734,C1417,2024-08-05,Feature Request,Low,46.3,5.0
T20736,C1046,2023-12-16,Technical,Low,55.3,3.0
T20737,C1380,2023-12-03,Billing,Medium,18.2,8.0
T20738,C1041,2023-06-16,Technical,Medium,45.3,4.0
T20739,C1245,2024-01-03,Feature Request,Medium,37.6,7.0
T20740,C1277,2023-01-17,Technical,Low,56.9,5.0
T20741,C1317,2023-10-23,Onboarding,Low,53.4,2.0
T20742,C1342,2023-02-13,Technical,High,8.3,8.0
T20743,C1179,2023-01-08,Billing,Medium,24.8,5.0
T20744,C1129,2024-09-19,Outage,Low,42.9,3.0
T20745,C1159,2023-04-12,Technical,Medium,46.2,6.0
T20746,C1395,2024-06-20,Technical,Low,53.4,6.0
T20747,C1353,2024-06-11,Billing,Low,64.8,4.0
T20748,C1345,2023-02-11,Feature Request,High,7.7,6.0
T20749,C1306,2024-03-10,Technical,Medium,27.4,7.0
T20750,C1010,2024-07-13,Outage,Medium,33.1,6.0
T20751,C1296,2024-09-15,Onboarding,Critical,0.7,8.0
T20752,C1046,2023-06-28,Feature Request,Low,58.3,6.0
T20753,C1383,2024-09-04,Technical,Low,57.5,5.0
T20754,C1359,2023-12-16,Technical,Low,59.9,5.0
T20755,C1045,2023-07-08,Feature Request,Critical,15.7,4.0
T20756,C1310,2023-01-28,Technical,Critical,24.0,3.0
T20757,C1140,2023-08-05,Technical,Low,69.4,5.0
T20758,C1275,2023-01-06,Technical,High,16.4,10.0
T20759,C1019,2024-05-09,Feature Request,Critical,21.6,6.0
T20760,C1367,2024-03-19,Technical,Medium,25.3,5.0
T20761,C1038,2024-05-11,Billing,Medium,50.1,4.0
T20762,C1151,2023-09-21,Technical,Low,61.7,2.0
T20763,C1206,2023-08-07,Feature Request,Low,56.2,7.0
T20764,C1045,2024-07-21,Feature Request,Medium,33.7,5.0
T20765,C1395,2023-09-01,Feature Request,Medium,29.3,6.0
T20766,C1300,2024-06-16,Onboarding,Low,64.7,6.0
T20767,C1074,2023-02-18,Billing,Low,77.5,2.0
T20768,C1392,2023-07-19,Outage,High,20.2,8.0
T20769,C1381,2023-05-05,Billing,Low,67.5,3.0
T20770,C1051,2024-11-03,Onboarding,Critical,10.6,7.0
T20771,C1163,2023-06-26,Billing,Low,52.9,4.0
T20772,C1339,2023-06-22,Billing,Low,68.5,5.0
T20773,C1267,2024-09-02,Billing,Medium,39.1,6.0
T20774,C1056,2023-06-17,Technical,Low,55.7,4.0
T20775,C1303,2024-10-20,Technical,Medium,25.0,5.0
T20776,C1078,2024-06-13,Technical,Critical,6.8,7.0
T20777,C1297,2024-05-13,Outage,Medium,26.9,7.0
T20778,C1304,2024-05-16,Technical,Medium,41.6,2.0
T20779,C1287,2023-07-14,Feature Request,Low,65.2,2.0
T20780,C1236,2024-01-11,Technical,High,2.6,7.0
T20781,C1321,2024-12-28,Outage,High,12.1,6.0
T20782,C1312,2024-10-25,Feature Request,High,15.8,7.0
T20783,C1051,2023-04-29,Technical,Low,59.2,6.0
T20785,C1271,2024-08-09,Technical,Medium,4.1,6.0
T20786,C1025,2023-09-17,Billing,High,29.8,7.0
T20787,C1290,2023-08-30,Feature Request,Critical,8.3,6.0
T20788,C1088,2024-09-02,Technical,Low,53.3,5.0
T20789,C1022,2023-10-28,Billing,Medium,34.2,4.0
T20790,C1327,2024-06-09,Technical,Low,51.0,4.0
T20791,C1125,2023-05-07,Billing,Medium,18.8,8.0
T20792,C1035,2024-10-10,Onboarding,Low,39.4,2.0
T20793,C1124,2023-10-22,Billing,Critical,4.9,6.0
T20794,C1309,2024-04-24,Onboarding,Medium,20.5,9.0
T20795,C1269,2023-04-09,Outage,Medium,48.7,1.0
T20796,C1183,2023-03-21,Technical,Medium,29.1,8.0
T20797,C1080,2024-12-14,Billing,High,12.1,5.0
T20798,C1420,2024-06-02,Feature Request,Critical,6.7,7.0
T20799,C1250,2023-07-06,Billing,Low,57.5,7.0
T20800,C1372,2023-12-22,Feature Request,Low,70.6,7.0
T20801,C1358,2024-03-16,Onboarding,High,11.5,7.0
T20802,C1040,2023-04-02,Feature Request,High,12.9,4.0
T20803,C1324,2024-09-04,Billing,Medium,25.4,4.0
T20804,C1106,2023-06-25,Technical,Medium,27.8,2.0
T20805,C1387,2023-05-31,Billing,Low,73.9,5.0
T20806,C1067,2023-08-01,Feature Request,Low,69.1,3.0
T20807,C1227,2023-04-04,Billing,High,10.9,6.0
T20808,C1325,2024-08-07,Onboarding,Low,72.4,8.0
T20809,C1096,2023-02-04,Technical,Medium,37.2,6.0
T20810,C1362,2024-09-13,Technical,Critical,19.3,4.0
T20811,C1167,2023-12-06,Outage,High,21.3,7.0
T20812,C1218,2023-03-01,Billing,Medium,23.5,8.0
T20813,C1089,2024-09-20,Outage,Low,54.1,10.0
T20814,C1333,2023-02-05,Technical,Low,50.3,6.0
T20815,C1383,2023-09-25,Billing,Low,63.2,4.0
T20816,C1002,2024-10-27,Technical,High,0.7,7.0
T20817,C1396,2024-06-08,Outage,Medium,38.6,6.0
T20818,C1280,2023-09-12,Technical,High,12.3,7.0
T20819,C1328,2024-11-14,Technical,Low,56.2,2.0
T20820,C1095,2024-08-20,Technical,Low,30.6,2.0
T20821,C1032,2023-10-06,Technical,Medium,31.3,3.0
T20822,C1030,2023-12-15,Outage,Low,52.3,5.0
T20823,C1401,2024-01-30,Technical,Critical,1.4,8.0
T20824,C1236,2024-12-29,Technical,Medium,25.8,6.0
T20825,C1159,2024-10-16,Technical,Low,51.4,4.0
T20826,C1052,2023-02-13,Outage,Medium,17.8,6.0
T20827,C1349,2023-05-15,Technical,Medium,21.2,7.0
T20828,C1401,2023-04-02,Technical,Low,49.7,3.0
T20829,C1253,2023-09-20,Feature Request,High,25.4,4.0
T20830,C1046,2023-10-16,Billing,Medium,12.6,8.0
T20831,C1074,2024-04-11,Technical,Low,48.2,4.0
T20832,C1059,2023-06-08,Technical,Medium,29.3,4.0
T20833,C1237,2023-06-17,Outage,Critical,15.7,9.0
T20834,C1029,2023-09-20,Feature Request,Medium,24.2,8.0
T20835,C1417,2024-09-27,Billing,Medium,68.1,4.0
T20836,C1260,2023-05-29,Onboarding,Low,62.0,5.0
T20837,C1194,2023-12-10,Technical,Medium,36.8,5.0
T20838,C1042,2024-04-29,Onboarding,Medium,28.9,7.0
T20839,C1217,2023-01-23,Onboarding,Low,75.8,6.0
T20840,C1376,2024-07-20,Billing,Medium,23.1,7.0
T20841,C1197,2024-05-09,Technical,Medium,18.0,4.0
T20842,C1194,2024-11-26,Feature Request,Low,53.5,2.0
T20843,C1174,2024-04-19,Feature Request,Medium,20.9,8.0
T20844,C1157,2023-04-04,Technical,Low,42.6,3.0
T20845,C1350,2024-12-21,Technical,High,25.6,5.0
T20846,C1417,2024-07-27,Onboarding,Medium,21.8,6.0
T20847,C1167,2023-02-16,Billing,High,14.4,7.0
T20848,C1005,2023-09-15,Billing,Low,55.5,3.0
T20849,C1024,2024-11-08,Technical,Medium,37.0,5.0
T20850,C1219,2023-06-23,Billing,Low,65.8,6.0
T20851,C1285,2024-12-23,Technical,Low,52.9,4.0
T20853,C1009,2024-12-24,Billing,Low,43.0,4.0
T20854,C1378,2023-05-03,Feature Request,Low,35.9,3.0
T20855,C1218,2024-01-30,Technical,Medium,35.6,4.0
T20856,C1021,2023-05-17,Technical,Low,50.6,3.0
T20857,C1301,2023-05-02,Technical,Low,41.1,8.0
T20858,C1058,2023-04-05,Technical,High,4.0,9.0
T20859,C1194,2024-06-21,Technical,Medium,22.9,7.0
T20860,C1127,2024-08-13,Billing,Medium,39.4,4.0
T20861,C1115,2024-06-12,Billing,Medium,27.6,5.0
T20862,C1216,2024-05-26,Onboarding,Low,65.3,3.0
T20863,C1158,2023-06-10,Onboarding,Medium,17.7,9.0
T20864,C1233,2024-02-02,Billing,Critical,12.2,9.0
T20865,C1344,2023-05-25,Technical,High,11.8,9.0
T20866,C1039,2024-04-13,Technical,High,8.9,7.0
T20867,C1390,2024-08-30,Onboarding,High,9.1,5.0
T20868,C1159,2024-05-28,Billing,Low,47.4,6.0
T20869,C1093,2023-05-29,Onboarding,Medium,17.9,7.0
T20870,C1122,2023-01-29,Billing,Medium,25.0,6.0
T20871,C1034,2024-11-29,Billing,Low,57.2,4.0
T20872,C1277,2023-11-08,Billing,Low,47.2,7.0
T20873,C1066,2023-08-18,Feature Request,Low,40.9,4.0
T20874,C1038,2024-03-29,Onboarding,Low,44.8,6.0
T20875,C1386,2024-04-20,Onboarding,Medium,49.0,6.0
T20876,C1241,2023-07-22,Billing,Low,47.0,6.0
T20877,C1397,2024-01-03,Technical,Medium,32.7,9.0
T20878,C1279,2024-12-20,Technical,Medium,23.0,6.0
T20879,C1119,2023-05-06,Onboarding,Medium,23.6,9.0
T20880,C1397,2023-01-07,Billing,Critical,6.5,8.0
T20881,C1054,2023-07-26,Billing,Low,74.8,6.0
T20882,C1257,2023-07-06,Technical,High,18.9,5.0
T20883,C1096,2023-02-21,Feature Request,High,2.2,10.0
T20884,C1239,2023-04-13,Feature Request,Medium,33.2,6.0
T20885,C1143,2024-12-17,Onboarding,Low,64.6,3.0
T20886,C1001,2024-08-28,Billing,Medium,62.5,6.0
T20887,C1265,2024-07-21,Technical,Low,44.3,2.0
T20888,C1204,2024-01-18,Technical,Low,80.8,7.0
T20889,C1366,2023-10-03,Technical,Medium,36.4,5.0
T20890,C1181,2024-11-11,Onboarding,Medium,16.2,4.0
T20891,C1230,2024-12-14,Billing,Critical,2.0,8.0
T20892,C1296,2023-11-30,Billing,Medium,19.3,5.0
T20893,C1197,2023-04-24,Onboarding,Medium,21.3,7.0
T20894,C1125,2023-11-29,Feature Request,Medium,38.9,6.0
T20895,C1017,2023-03-31,Feature Request,Low,57.8,2.0
T20896,C1079,2023-07-05,Technical,High,0.5,6.0
T20897,C1168,2023-08-06,Billing,High,11.6,8.0
T20898,C1270,2024-11-25,Billing,Medium,28.7,3.0
T20899,C1175,2023-06-08,Technical,Medium,10.4,8.0
T20900,C1127,2023-05-26,Technical,Medium,29.9,3.0
T20901,C1368,2023-09-16,Technical,High,23.0,7.0
T20902,C1346,2024-06-30,Outage,High,21.4,4.0
T20903,C1236,2023-06-27,Feature Request,Medium,56.4,6.0
T20904,C1310,2023-07-25,Technical,Medium,41.8,5.0
T20905,C1389,2023-01-26,Technical,Medium,42.0,4.0
T20906,C1051,2023-09-08,Outage,Low,56.2,5.0
T20907,C1383,2023-12-05,Feature Request,Low,61.5,4.0
T20908,C1291,2023-04-29,Billing,Medium,29.9,7.0
T20909,C1369,2024-02-02,Technical,Medium,15.7,8.0
T20910,C1214,2024-07-12,Billing,Medium,26.5,4.0
T20911,C1145,2023-07-03,Feature Request,Medium,44.1,6.0
T20912,C1006,2023-06-18,Technical,High,8.4,4.0
T20913,C1342,2023-10-04,Outage,Critical,0.9,6.0
T20914,C1217,2023-12-13,Billing,High,4.6,7.0
T20915,C1009,2024-08-19,Technical,Medium,7.6,4.0
T20916,C1370,2024-12-03,Technical,Medium,29.5,7.0
T20917,C1281,2023-06-24,Technical,Medium,35.8,4.0
T20918,C1186,2023-06-02,Onboarding,High,3.4,6.0
T20919,C1278,2023-01-10,Billing,Low,83.2,5.0
T20920,C1234,2023-04-01,Billing,Low,80.3,5.0
T20921,C1325,2024-03-31,Technical,Low,64.4,3.0
T20922,C1371,2024-03-13,Outage,Low,41.0,6.0
T20923,C1029,2024-12-04,Feature Request,High,5.9,7.0
T20924,C1253,2023-02-09,Billing,Medium,10.5,7.0
T20925,C1404,2024-03-01,Technical,High,22.7,7.0
T20926,C1214,2023-05-10,Feature Request,Medium,32.2,7.0
T20927,C1300,2024-11-20,Billing,High,17.2,9.0
T20928,C1062,2024-10-24,Billing,High,31.5,7.0
T20929,C1085,2023-01-10,Technical,Critical,5.6,6.0
T20930,C1169,2023-08-15,Onboarding,Medium,33.5,8.0
T20931,C1321,2023-12-15,Feature Request,Medium,21.9,7.0
T20932,C1257,2023-08-13,Feature Request,Low,51.9,5.0
T20933,C1108,2024-01-22,Technical,High,7.2,10.0
T20934,C1272,2024-08-12,Billing,Low,81.3,8.0
T20935,C1133,2023-07-10,Technical,Medium,32.4,8.0
T20936,C1417,2024-01-06,Technical,Medium,39.7,5.0
T20937,C1232,2024-09-17,Onboarding,Low,58.7,8.0
T20938,C1036,2024-03-23,Technical,Critical,17.2,5.0
T20939,C1016,2023-05-13,Billing,Medium,29.2,6.0
T20940,C1070,2023-10-10,Technical,High,8.6,7.0
T20941,C1395,2024-11-07,Billing,Medium,28.9,6.0
T20942,C1327,2024-06-12,Technical,Critical,12.2,9.0
T20944,C1073,2023-05-19,Billing,Medium,35.6,3.0
T20945,C1243,2024-05-29,Onboarding,Low,64.1,6.0
T20946,C1397,2024-10-08,Onboarding,Medium,31.1,2.0
T20947,C1023,2023-12-06,Billing,High,20.3,8.0
T20948,C1364,2023-05-12,Technical,Critical,7.1,5.0
T20949,C1390,2023-09-29,Billing,Medium,35.0,5.0
T20950,C1161,2023-03-25,Billing,Medium,37.6,2.0
T20951,C1042,2023-01-09,Outage,Medium,16.1,8.0
T20952,C1198,2024-08-23,Feature Request,High,11.1,7.0
T20953,C1276,2024-01-02,Outage,High,3.1,8.0
T20954,C1236,2024-06-12,Onboarding,Low,67.4,5.0
T20955,C1142,2024-03-19,Technical,Critical,9.4,8.0
T20956,C1075,2023-05-05,Outage,Medium,33.0,6.0
T20957,C1267,2023-08-12,Technical,Medium,35.0,2.0
T20958,C1406,2023-02-19,Technical,High,12.4,3.0
T20959,C1077,2024-04-25,Outage,Critical,3.7,10.0
T20960,C1048,2024-05-23,Onboarding,Medium,18.8,7.0
T20961,C1118,2023-09-20,Billing,Medium,27.8,2.0
T20962,C1027,2024-03-12,Technical,Low,47.3,4.0
T20963,C1411,2023-01-02,Outage,Low,64.6,5.0
T20964,C1340,2023-06-10,Feature Request,Medium,41.7,5.0
T20965,C1145,2023-06-18,Feature Request,Low,68.3,6.0
T20966,C1085,2024-05-11,Feature Request,High,8.3,10.0
T20967,C1219,2024-09-03,Onboarding,Low,58.3,8.0
T20968,C1131,2024-01-16,Outage,Low,72.1,7.0
T20969,C1067,2023-02-06,Outage,Low,75.2,4.0
T20970,C1385,2023-11-16,Billing,Low,71.5,3.0
T20971,C1140,2023-11-06,Technical,Low,61.2,6.0
T20972,C1097,2023-09-13,Outage,High,10.3,7.0
T20973,C1186,2024-01-12,Feature Request,High,7.1,6.0
T20974,C1328,2024-09-15,Onboarding,High,16.2,5.0
T20975,C1013,2023-06-16,Technical,Low,71.1,6.0
T20976,C1137,2023-01-05,Billing,Medium,31.0,4.0
T20977,C1357,2024-06-05,Onboarding,Medium,19.6,5.0
T20978,C1074,2023-04-14,Technical,Low,69.2,7.0
T20979,C1112,2023-06-14,Onboarding,High,8.8,6.0
T20980,C1109,2023-08-11,Outage,High,12.7,7.0
T20981,C1236,2024-12-15,Billing,Medium,25.7,4.0
T20982,C1018,2023-06-25,Billing,Low,58.9,7.0
T20983,C1206,2023-07-06,Onboarding,Medium,45.6,5.0
T20984,C1023,2024-12-12,Feature Request,Low,39.5,6.0
T20985,C1134,2024-11-06,Technical,Low,80.7,4.0
T20986,C1011,2023-10-07,Onboarding,Low,64.4,5.0
T20987,C1293,2023-02-24,Billing,Critical,6.8,7.0
T20988,C1195,2023-08-22,Technical,Medium,31.5,6.0
T20989,C1348,2024-04-24,Technical,Medium,34.7,5.0
T20990,C1206,2024-10-18,Billing,Medium,43.9,2.0
T20991,C1018,2023-09-01,Technical,Low,59.1,2.0
T20992,C1238,2024-06-16,Feature Request,Low,45.6,6.0
T20993,C1072,2023-09-30,Technical,High,15.4,8.0
T20994,C1294,2023-12-12,Billing,Medium,21.6,8.0
T20995,C1035,2023-11-14,Feature Request,Low,55.1,3.0
T20996,C1398,2024-10-01,Billing,Low,49.5,3.0
T20997,C1369,2024-07-05,Feature Request,Low,74.5,2.0
T20998,C1071,2023-01-01,Technical,High,16.6,9.0
T20999,C1075,2024-12-02,Onboarding,Medium,22.3,6.0
T21000,C1163,2024-10-03,Technical,High,4.1,6.0
T21001,C1174,2023-01-12,Outage,Low,68.9,3.0
T21002,C1145,2023-11-25,Technical,Medium,45.9,4.0
T21003,C1081,2024-11-27,Technical,Low,60.0,5.0
T21004,C1062,2024-11-11,Feature Request,Low,54.3,3.0
T21005,C1411,2023-12-20,Technical,Low,80.8,8.0
T21006,C1230,2024-02-26,Technical,Medium,10.3,7.0
T21007,C1083,2024-01-06,Feature Request,Low,69.2,5.0
T21008,C1298,2024-09-26,Feature Request,Critical,8.7,9.0
T21009,C1122,2023-08-31,Feature Request,High,11.1,5.0
T21010,C1109,2024-11-01,Technical,Low,56.7,5.0
T21011,C1015,2024-08-05,Onboarding,Medium,35.5,5.0
T21012,C1319,2024-02-16,Feature Request,Low,43.6,3.0
T21013,C1138,2023-12-10,Billing,Medium,26.8,5.0
T21014,C1290,2023-02-02,Technical,Low,73.2,5.0
T21015,C1373,2024-06-19,Technical,Low,60.5,5.0
T21016,C1297,2023-09-05,Billing,High,26.7,5.0
T21017,C1386,2024-06-10,Feature Request,Medium,27.0,6.0
T21018,C1022,2023-12-20,Technical,Low,59.9,8.0
T21019,C1194,2024-09-13,Technical,Medium,29.5,4.0
T21020,C1115,2023-06-21,Technical,Low,57.7,6.0
T21021,C1192,2023-02-10,Onboarding,Medium,30.5,5.0
T21022,C1393,2023-09-12,Billing,High,9.1,7.0
T21023,C1177,2024-04-05,Technical,Medium,36.4,3.0
T21024,C1050,2024-08-10,Onboarding,Critical,3.8,6.0
T21025,C1188,2023-01-08,Feature Request,Critical,14.8,6.0
T21026,C1044,2024-01-20,Technical,Low,45.7,4.0
T21027,C1394,2023-03-15,Onboarding,Medium,25.3,3.0
T21028,C1306,2024-11-25,Outage,Low,67.7,6.0
T21029,C1076,2024-06-10,Technical,Medium,27.5,4.0
T21030,C1044,2024-07-06,Technical,Critical,8.1,6.0
T21031,C1165,2023-07-19,Technical,Low,47.8,2.0
T21032,C1174,2024-02-11,Billing,High,11.1,5.0
T21033,C1329,2023-03-28,Feature Request,High,8.6,3.0
T21034,C1259,2024-06-14,Technical,Medium,27.6,6.0
T21035,C1051,2024-05-03,Billing,Critical,15.3,8.0
T21036,C1200,2023-11-01,Onboarding,Low,60.0,5.0
T21037,C1398,2023-03-30,Technical,Low,74.4,4.0
T21038,C1351,2024-03-25,Feature Request,Low,75.0,5.0
T21039,C1131,2024-03-17,Technical,Medium,28.2,3.0
T21040,C1048,2023-10-07,Onboarding,Low,61.0,4.0
T21041,C1184,2024-05-19,Onboarding,Medium,26.9,5.0
T21042,C1381,2024-02-27,Technical,Critical,7.2,9.0
T21043,C1414,2023-10-13,Feature Request,Low,45.2,2.0
T21044,C1233,2023-02-26,Onboarding,Medium,30.8,2.0
T21045,C1239,2024-07-19,Technical,Medium,41.9,7.0
T21046,C1262,2024-02-04,Billing,Medium,35.4,7.0
T21047,C1278,2023-03-25,Feature Request,High,8.6,9.0
T21048,C1202,2024-05-22,Billing,Low,41.6,5.0
T21049,C1378,2023-02-09,Technical,Low,78.1,2.0
T21050,C1079,2024-01-28,Billing,Medium,20.6,7.0
T21051,C1242,2024-06-05,Technical,Medium,34.0,5.0
T21052,C1021,2023-07-06,Outage,Low,58.0,5.0
T21053,C1034,2024-09-26,Onboarding,Low,50.0,3.0
T21054,C1387,2024-05-30,Feature Request,Low,66.0,6.0
T21055,C1351,2024-12-28,Technical,Low,57.9,3.0
T21056,C1049,2023-03-10,Feature Request,High,16.0,7.0
T21057,C1360,2024-03-10,Billing,Low,56.1,6.0
T21058,C1247,2023-08-01,Technical,Medium,36.4,4.0
T21059,C1258,2023-03-12,Billing,High,26.1,7.0
T21060,C1020,2023-03-04,Onboarding,Low,72.1,5.0
T21061,C1181,2023-09-07,Billing,Medium,30.4,5.0
T21062,C1293,2024-04-29,Feature Request,Critical,14.4,6.0
T21063,C1294,2023-05-18,Billing,Medium,31.4,6.0
T21064,C1342,2024-02-10,Outage,Low,48.1,5.0
T21065,C1090,2023-06-29,Technical,Medium,28.9,6.0
T21066,C1341,2023-03-23,Feature Request,High,3.4,8.0
T21067,C1072,2023-09-29,Billing,Medium,42.6,4.0
T21068,C1010,2023-12-22,Technical,Low,59.3,7.0
T21069,C1404,2023-07-24,Billing,Critical,1.8,8.0
T21070,C1155,2024-09-27,Technical,Medium,44.1,7.0
T21071,C1077,2024-12-25,Technical,Low,48.6,8.0
T21072,C1037,2024-07-28,Feature Request,Low,53.6,7.0
T21073,C1369,2024-10-01,Technical,Low,60.4,6.0
T21074,C1291,2023-02-21,Technical,Critical,9.1,10.0
T21075,C1296,2024-09-20,Billing,Medium,32.6,6.0
T21076,C1412,2024-11-08,Technical,Low,70.0,6.0
T21077,C1127,2024-02-02,Billing,Low,68.9,3.0
T21078,C1266,2023-12-10,Technical,Low,66.6,6.0
T21079,C1348,2023-10-07,Feature Request,Medium,31.4,3.0
T21080,C1143,2024-06-19,Technical,Low,48.1,3.0
T21081,C1282,2024-08-29,Billing,Low,63.2,4.0
T21082,C1203,2023-11-01,Billing,Medium,21.8,9.0
T21083,C1292,2024-09-01,Billing,High,0.9,6.0
T21084,C1188,2023-02-08,Feature Request,Low,45.3,7.0
T21085,C1049,2023-09-22,Billing,High,27.8,8.0
T21086,C1038,2024-10-28,Technical,Medium,28.7,4.0
T21087,C1152,2023-11-13,Billing,Low,60.6,4.0
T21088,C1260,2024-11-10,Feature Request,Medium,22.1,7.0
T21089,C1324,2023-07-23,Billing,High,15.2,6.0
T21090,C1146,2024-09-23,Billing,Medium,42.5,2.0
T21091,C1045,2023-04-13,Technical,Medium,23.0,10.0
T21092,C1115,2024-02-14,Onboarding,High,15.0,8.0
T21093,C1206,2023-12-12,Outage,Low,56.3,6.0
T21094,C1076,2023-09-09,Billing,Medium,41.0,4.0
T21095,C1138,2023-06-02,Feature Request,Medium,12.7,5.0
T21096,C1294,2023-02-16,Billing,Low,60.0,3.0
T21097,C1152,2024-12-04,Billing,High,14.5,9.0
T21098,C1162,2023-10-21,Billing,Medium,18.2,7.0
T21099,C1109,2023-08-30,Technical,Low,68.5,5.0
T21100,C1020,2023-01-22,Technical,High,4.8,6.0
T21101,C1116,2024-10-25,Onboarding,Medium,32.2,6.0
T21102,C1204,2024-07-09,Technical,Low,64.3,6.0
T21103,C1289,2024-06-10,Feature Request,Medium,49.0,4.0
T21104,C1220,2024-01-28,Billing,High,32.4,2.0
T21105,C1225,2023-11-27,Outage,Low,59.3,6.0
T21106,C1381,2024-04-18,Outage,High,11.2,8.0
T21107,C1339,2024-01-17,Technical,Critical,16.5,5.0
T21108,C1341,2023-05-21,Billing,High,8.7,6.0
T21109,C1289,2023-09-07,Feature Request,High,22.7,6.0
T21111,C1252,2023-05-07,Billing,Low,52.7,3.0
T21112,C1265,2024-10-08,Billing,Low,49.9,4.0
T21113,C1149,2023-07-12,Onboarding,Medium,37.2,5.0
T21114,C1377,2024-12-18,Billing,Low,62.0,2.0
T21115,C1201,2023-10-08,Technical,Medium,34.3,5.0
T21116,C1352,2024-03-27,Technical,Medium,35.5,5.0
T21117,C1335,2023-01-25,Technical,Low,65.5,5.0
T21119,C1178,2023-10-03,Technical,Low,39.6,3.0
T21120,C1157,2023-06-22,Billing,Low,48.8,5.0
T21121,C1349,2024-03-12,Technical,Low,68.0,6.0
T21122,C1053,2024-10-01,Technical,Low,74.2,6.0
T21123,C1154,2023-01-11,Onboarding,Low,77.3,6.0
T21124,C1362,2023-05-01,Feature Request,Low,86.4,3.0
T21125,C1400,2024-07-06,Feature Request,Low,54.0,6.0
T21126,C1216,2024-03-04,Outage,High,8.1,6.0
T21127,C1391,2023-10-08,Onboarding,Medium,29.6,5.0
T21128,C1226,2024-04-21,Feature Request,High,10.9,9.0
T21129,C1325,2023-12-31,Technical,Low,76.4,5.0
T21130,C1220,2023-07-03,Technical,Low,47.8,4.0
T21131,C1109,2024-04-06,Billing,Low,77.6,6.0
T21132,C1346,2024-09-06,Technical,Medium,31.4,8.0
T21133,C1413,2024-04-16,Onboarding,Medium,18.2,8.0
T21134,C1210,2024-11-16,Outage,High,1.7,4.0
T21135,C1023,2023-10-23,Billing,Low,76.8,5.0
T21136,C1303,2023-08-01,Billing,Medium,59.8,4.0
T21137,C1109,2023-01-16,Onboarding,Low,91.3,5.0
T21138,C1277,2023-09-03,Outage,Low,63.2,5.0
T21139,C1203,2024-08-20,Technical,Low,42.3,5.0
T21140,C1313,2024-06-23,Billing,Medium,43.3,5.0
T21141,C1319,2023-11-01,Technical,Medium,43.3,6.0
T21142,C1033,2024-01-02,Feature Request,Medium,28.6,4.0
T21143,C1374,2023-12-14,Outage,Low,76.7,5.0
T21144,C1189,2024-02-09,Billing,Low,59.0,3.0
T21145,C1212,2024-04-17,Billing,High,18.7,10.0
T21146,C1198,2023-01-11,Feature Request,Medium,34.4,4.0
T21147,C1212,2024-08-13,Billing,High,35.7,5.0
T21148,C1102,2024-02-13,Billing,Medium,12.6,7.0
T21149,C1166,2024-11-27,Billing,Critical,0.8,4.0
T21150,C1306,2023-10-06,Onboarding,Low,65.5,8.0
T21151,C1187,2023-10-31,Outage,Low,56.1,5.0
T21152,C1233,2023-10-12,Onboarding,Medium,9.6,10.0
T21153,C1222,2023-01-05,Billing,Low,66.8,5.0
T21154,C1092,2023-07-07,Feature Request,Low,61.8,4.0
T21155,C1375,2023-10-04,Technical,Critical,3.1,3.0
T21156,C1270,2023-04-03,Billing,Medium,34.8,2.0
T21157,C1149,2024-12-21,Outage,High,13.7,6.0
T21158,C1324,2023-04-27,Technical,Medium,25.3,4.0
T21159,C1138,2023-06-29,Technical,Medium,14.7,7.0
T21160,C1123,2023-11-21,Billing,Low,45.9,6.0
T21161,C1342,2024-10-10,Billing,Medium,15.1,7.0
T21162,C1110,2023-05-20,Billing,Critical,11.2,7.0
T21163,C1233,2024-11-02,Feature Request,High,2.8,9.0
T21164,C1139,2023-10-01,Outage,Low,48.9,6.0
T21165,C1030,2023-03-25,Feature Request,Medium,21.9,7.0
T21166,C1375,2024-05-30,Feature Request,Low,59.7,3.0
T21167,C1042,2023-06-28,Billing,Medium,26.1,3.0
T21168,C1402,2023-10-29,Technical,Low,73.7,4.0
T21169,C1066,2023-06-11,Billing,Medium,29.2,5.0
T21170,C1022,2023-07-23,Onboarding,High,22.9,5.0
T21171,C1410,2023-05-19,Billing,Low,66.7,5.0
T21172,C1278,2024-10-31,Onboarding,Critical,6.9,9.0
T21173,C1195,2023-11-09,Onboarding,High,7.8,7.0
T21174,C1297,2023-11-07,Feature Request,Medium,8.6,6.0
T21175,C1362,2023-02-27,Billing,Low,60.7,5.0
T21176,C1233,2024-06-07,Technical,Medium,37.9,6.0
T21177,C1350,2024-10-13,Feature Request,High,4.8,7.0
T21178,C1082,2024-09-18,Feature Request,Medium,24.2,4.0
T21179,C1305,2024-04-30,Feature Request,Low,48.5,2.0
T21180,C1274,2023-04-27,Technical,Low,62.1,1.0
T21181,C1057,2023-10-03,Technical,High,2.8,9.0
T21182,C1092,2024-09-12,Technical,Medium,19.3,5.0
T21183,C1331,2023-01-10,Technical,Medium,27.3,4.0
T21184,C1048,2023-09-06,Technical,High,3.3,4.0
T21185,C1377,2024-12-27,Billing,Critical,10.9,10.0
T21186,C1100,2024-06-19,Outage,Medium,24.1,5.0
T21187,C1019,2023-01-03,Billing,Medium,34.5,5.0
T21188,C1217,2023-07-22,Technical,Low,36.8,2.0
T21189,C1028,2023-10-28,Technical,Medium,13.7,6.0
T21191,C1175,2024-12-21,Technical,High,4.9,9.0
T21192,C1334,2023-06-07,Billing,Medium,35.7,1.0
T21193,C1174,2023-02-28,Onboarding,Low,52.5,5.0
T21194,C1036,2023-01-13,Onboarding,Low,59.5,5.0
T21195,C1159,2023-01-20,Technical,Low,70.6,4.0
T21196,C1130,2024-01-07,Technical,High,0.4,10.0
T21197,C1198,2023-04-18,Outage,Critical,19.5,5.0
T21198,C1164,2023-03-17,Outage,Medium,24.4,7.0
T21199,C1196,2023-10-05,Billing,Medium,18.7,6.0
T21200,C1175,2023-08-24,Technical,Low,55.9,3.0
T21201,C1212,2024-05-27,Technical,Critical,4.4,8.0
T21202,C1180,2023-06-03,Technical,Low,79.8,1.0
T21203,C1137,2024-01-06,Onboarding,Medium,26.8,8.0
T21204,C1305,2024-05-19,Technical,Low,56.0,4.0
T21205,C1106,2024-03-16,Feature Request,Medium,27.9,5.0
T21206,C1208,2023-05-12,Outage,Medium,28.8,4.0
T21207,C1240,2024-07-14,Feature Request,Medium,39.6,8.0
T21208,C1238,2024-08-26,Onboarding,Low,82.6,2.0
T21209,C1206,2024-05-20,Onboarding,Critical,6.8,5.0
T21210,C1149,2023-09-23,Outage,Low,49.8,4.0
T21211,C1307,2024-05-21,Billing,Low,56.9,4.0
T21212,C1144,2023-04-08,Technical,High,11.5,7.0
T21213,C1280,2023-09-24,Technical,Medium,41.2,4.0
T21214,C1239,2024-12-24,Onboarding,High,22.3,4.0
T21215,C1265,2024-05-28,Technical,Medium,39.9,4.0
T21216,C1351,2023-10-01,Billing,High,6.9,6.0
T21217,C1176,2024-02-21,Billing,Medium,27.6,5.0
T21218,C1404,2024-04-05,Technical,Medium,42.9,4.0
T21219,C1049,2024-12-14,Technical,Medium,17.7,6.0
T21220,C1387,2023-02-20,Technical,Medium,12.0,8.0
T21221,C1395,2024-02-25,Technical,Critical,17.1,6.0
T21222,C1207,2024-04-09,Billing,Low,51.4,5.0
T21223,C1196,2024-04-24,Outage,Medium,16.0,8.0
T21224,C1093,2024-03-22,Onboarding,Critical,3.3,6.0
T21225,C1250,2023-08-03,Technical,Low,66.4,3.0
T21226,C1420,2023-05-13,Outage,Medium,31.7,7.0
T21227,C1313,2024-02-05,Billing,High,9.5,5.0
T21228,C1247,2023-01-16,Billing,High,9.9,5.0
T21229,C1416,2023-05-03,Onboarding,Medium,26.5,1.0
T21231,C1008,2023-11-19,Onboarding,Low,70.3,7.0
T21232,C1402,2024-04-28,Technical,Low,51.8,8.0
T21233,C1346,2024-08-25,Feature Request,Low,59.3,4.0
T21234,C1200,2023-03-19,Technical,Low,60.7,5.0
T21235,C1322,2024-02-26,Billing,High,3.9,7.0
T21236,C1188,2024-12-21,Technical,Medium,42.6,2.0
T21237,C1055,2024-06-24,Billing,Critical,3.1,6.0
T21238,C1174,2024-04-23,Technical,High,8.75,10.0
T21239,C1010,2023-03-21,Feature Request,High,24.8,5.0
T21240,C1245,2024-05-15,Outage,Critical,9.1,8.0
T21241,C1179,2024-01-01,Billing,High,13.7,8.0
T21242,C1007,2024-12-21,Technical,Medium,23.3,10.0
T21243,C1035,2024-12-27,Technical,Critical,6.0,7.0
T21244,C1272,2023-09-27,Technical,High,13.9,6.0
T21245,C1222,2024-09-05,Billing,Low,59.0,5.0
T21246,C1379,2023-10-10,Feature Request,High,7.9,9.0
T21247,C1304,2023-09-05,Technical,Medium,17.8,5.0
T21248,C1253,2024-05-25,Onboarding,Medium,13.7,7.0
T21249,C1278,2024-09-25,Billing,Critical,4.6,10.0
T21251,C1155,2023-02-16,Feature Request,Low,55.6,3.0
T21252,C1234,2023-06-10,Onboarding,High,9.7,8.0
T21253,C1309,2023-05-04,Billing,High,25.8,6.0
T21254,C1081,2024-01-08,Technical,Low,63.9,6.0
T21255,C1028,2024-05-22,Billing,Medium,24.6,6.0
T21256,C1379,2024-04-27,Feature Request,Medium,33.1,6.0
T21257,C1117,2024-06-11,Feature Request,Critical,8.6,7.0
T21258,C1321,2024-01-11,Outage,High,24.8,3.0
T21259,C1072,2023-10-13,Billing,Low,62.7,4.0
T21260,C1095,2024-05-25,Technical,Low,71.2,2.0
T21261,C1022,2023-08-21,Billing,Medium,24.0,10.0
T21262,C1129,2023-10-08,Technical,Low,54.1,7.0
T21263,C1314,2024-05-22,Technical,High,13.7,9.0
T21264,C1327,2024-11-01,Billing,Low,59.5,4.0
T21265,C1185,2023-07-28,Technical,High,8.3,5.0
T21266,C1237,2023-03-18,Billing,Low,56.7,6.0
T21267,C1040,2023-06-13,Onboarding,Low,74.1,4.0
T21268,C1214,2024-04-24,Technical,Critical,8.2,6.0
T21269,C1078,2023-05-10,Billing,High,33.5,3.0
T21270,C1009,2024-10-26,Technical,Low,73.6,5.0
T21271,C1237,2023-02-21,Billing,High,14.6,7.0
T21272,C1220,2024-03-10,Technical,Low,69.6,6.0
T21273,C1165,2023-11-19,Technical,Critical,1.6,8.0
T21274,C1090,2024-07-28,Outage,High,7.6,8.0
T21275,C1134,2023-07-25,Onboarding,Medium,28.9,4.0
T21276,C1221,2024-04-17,Onboarding,Low,65.8,7.0
T21277,C1190,2023-03-17,Onboarding,Critical,4.1,9.0
T21278,C1257,2024-06-06,Technical,High,5.6,8.0
T21279,C1396,2023-04-06,Onboarding,Medium,34.2,7.0
T21280,C1045,2024-01-26,Feature Request,Low,58.1,6.0
T21281,C1107,2024-09-11,Onboarding,Low,30.2,4.0
T21282,C1391,2024-04-02,Feature Request,Medium,51.4,9.0
T21283,C1388,2023-01-22,Onboarding,Low,42.7,3.0
T21284,C1303,2023-05-29,Feature Request,Low,67.7,5.0
T21285,C1096,2024-05-28,Billing,Medium,27.2,5.0
T21286,C1317,2023-09-17,Technical,Low,62.7,3.0
T21287,C1043,2023-06-17,Technical,High,6.1,1.0
T21288,C1067,2023-03-30,Onboarding,Medium,16.4,7.0
T21289,C1298,2024-04-27,Technical,Critical,17.9,5.0
T21290,C1031,2024-01-17,Technical,Low,68.0,9.0
T21291,C1418,2024-10-12,Feature Request,Low,55.7,2.0
T21292,C1293,2023-07-17,Billing,Medium,17.7,7.0
T21293,C1210,2023-09-26,Feature Request,Low,47.9,3.0
T21294,C1047,2023-05-14,Technical,Medium,32.6,5.0
T21295,C1185,2023-09-08,Billing,Medium,12.7,9.0
T21297,C1297,2024-01-23,Technical,Medium,20.0,6.0
T21298,C1294,2024-01-28,Technical,High,13.0,7.0
T21299,C1101,2023-04-14,Billing,Low,54.7,5.0
T21300,C1137,2023-03-13,Technical,Critical,13.5,10.0
T21301,C1039,2024-05-04,Billing,Critical,14.4,7.5
T21302,C1111,2023-12-10,Technical,Medium,39.2,5.0
T21303,C1135,2024-08-03,Technical,Low,69.5,5.0
T21304,C1162,2023-11-17,Outage,High,5.5,4.0
T21305,C1100,2023-04-22,Technical,Low,51.1,4.0
T21307,C1391,2023-05-11,Technical,Low,59.0,6.0
T21308,C1245,2024-06-04,Technical,High,19.5,6.0
T21309,C1020,2024-02-08,Billing,High,12.0,6.0
T21310,C1123,2023-10-31,Billing,Low,70.3,2.0
T21311,C1290,2023-03-10,Technical,High,1.1,8.0
T21312,C1228,2023-11-28,Technical,High,5.4,5.0
T21313,C1236,2024-03-24,Outage,Medium,51.0,6.0
T21314,C1391,2024-04-03,Technical,Medium,37.1,2.0
T21315,C1400,2023-04-10,Outage,Low,53.1,10.0
T21316,C1121,2023-03-25,Onboarding,Low,66.4,9.0
T21317,C1099,2023-02-01,Technical,Critical,5.2,7.0
T21318,C1138,2024-03-26,Feature Request,Critical,24.3,4.0
T21319,C1379,2024-11-04,Technical,Medium,23.3,9.0
T21320,C1025,2024-02-05,Billing,Medium,38.4,5.0
T21321,C1255,2023-05-02,Billing,Low,70.2,8.0
T21322,C1250,2023-12-10,Billing,Medium,11.0,6.0
T21323,C1043,2024-06-26,Technical,High,26.1,7.0
T21324,C1223,2024-06-10,Feature Request,Critical,1.2,7.0
T21325,C1379,2024-12-17,Billing,Critical,4.1,6.0
T21326,C1069,2024-10-03,Feature Request,Critical,12.2,9.0
T21327,C1384,2024-11-01,Technical,Medium,22.1,7.0
T21328,C1292,2024-07-16,Billing,Low,65.2,6.0
T21329,C1051,2023-02-13,Billing,High,6.4,10.0
T21330,C1201,2024-04-13,Technical,Medium,28.6,6.0
T21331,C1120,2024-03-02,Technical,Medium,36.4,4.0
T21332,C1282,2024-05-19,Technical,Medium,17.5,10.0
T21333,C1338,2023-05-27,Billing,Critical,9.6,8.0
T21334,C1089,2024-09-04,Technical,Low,60.6,7.0
T21335,C1084,2023-05-19,Feature Request,Medium,34.1,8.0
T21336,C1197,2024-04-07,Technical,Medium,38.4,6.0
T21337,C1249,2024-09-14,Technical,Medium,33.4,3.0
T21338,C1310,2023-08-20,Technical,Low,72.6,6.0
T21339,C1253,2023-11-10,Feature Request,Low,47.9,5.0
T21340,C1036,2024-02-28,Onboarding,Low,64.4,5.0
T21341,C1067,2024-12-11,Technical,Low,64.4,7.0
T21342,C1096,2023-08-15,Technical,Medium,20.8,6.0
T21343,C1169,2024-04-14,Feature Request,Critical,15.6,10.0
T21344,C1311,2023-08-25,Technical,Medium,32.0,5.0
T21345,C1112,2023-05-06,Onboarding,High,17.8,5.0
T21346,C1286,2024-09-04,Technical,High,1.7,7.0
T21347,C1371,2023-04-12,Billing,Medium,32.0,4.0
T21348,C1378,2024-01-28,Technical,Medium,40.4,3.0
T21349,C1111,2023-01-18,Onboarding,Medium,30.9,5.0
T21350,C1084,2023-06-23,Billing,High,0.7,8.0
T21351,C1169,2023-09-13,Technical,High,16.8,10.0
T21352,C1079,2024-07-20,Feature Request,Critical,10.5,7.0
T21354,C1369,2023-04-07,Billing,Low,50.1,3.0
T21355,C1045,2023-08-18,Technical,Medium,21.6,7.0
T21356,C1287,2024-04-08,Onboarding,Medium,28.6,8.0
T21357,C1090,2023-07-06,Onboarding,Low,55.2,5.0
T21358,C1035,2024-04-24,Billing,Medium,32.9,6.0
T21359,C1326,2024-10-17,Technical,Medium,16.7,4.0
T21360,C1041,2023-05-02,Technical,Medium,23.7,7.0
T21361,C1082,2024-06-05,Billing,Low,69.9,7.0
T21362,C1081,2023-03-13,Technical,High,18.7,9.0
T21363,C1218,2024-05-07,Technical,Low,59.0,3.0
T21364,C1355,2024-11-09,Onboarding,Low,58.7,3.0
T21366,C1215,2024-03-17,Outage,Medium,28.6,5.0
T21367,C1206,2024-11-23,Feature Request,Critical,5.5,8.0
T21368,C1073,2023-04-09,Billing,High,23.4,4.0
T21369,C1091,2024-01-31,Outage,Low,53.6,1.0
T21370,C1131,2023-03-09,Billing,Medium,21.3,4.0
T21371,C1220,2024-06-30,Technical,Low,44.5,8.0
T21372,C1296,2024-11-08,Onboarding,Medium,28.6,9.0
T21373,C1350,2023-10-18,Technical,Critical,20.5,5.0
T21374,C1385,2024-07-24,Billing,Medium,39.0,8.0
T21375,C1291,2024-03-20,Technical,Medium,25.1,7.0
T21376,C1160,2023-09-18,Feature Request,Medium,37.6,4.0
T21377,C1031,2023-12-15,Onboarding,Medium,33.8,3.0
T21378,C1278,2024-12-16,Technical,Medium,44.2,8.0
T21379,C1385,2024-02-24,Onboarding,Medium,42.3,4.0
T21380,C1117,2024-02-22,Technical,Low,57.3,3.0
T21381,C1403,2023-07-15,Onboarding,Medium,19.5,8.0
T21382,C1248,2024-01-16,Outage,Low,59.3,2.0
T21383,C1195,2024-01-14,Feature Request,Low,59.2,4.0
T21384,C1327,2024-11-23,Technical,Medium,26.6,3.0
T21385,C1272,2023-01-30,Outage,Low,49.9,3.0
T21386,C1414,2024-09-06,Technical,Medium,13.7,8.0
T21387,C1197,2024-02-18,Billing,Low,52.5,6.0
T21388,C1072,2023-09-05,Technical,Medium,22.9,7.0
T21389,C1141,2024-05-20,Billing,Medium,25.9,5.0
T21390,C1114,2023-06-06,Feature Request,Medium,43.0,5.0
T21391,C1416,2024-04-24,Outage,Low,48.8,7.0
T21392,C1333,2023-11-22,Feature Request,Low,62.9,2.0
T21393,C1249,2024-10-14,Outage,Medium,26.8,5.0
T21394,C1235,2023-12-27,Technical,Low,53.9,2.0
T21395,C1320,2023-02-12,Feature Request,Low,62.7,3.0
T21396,C1257,2023-03-14,Outage,Low,63.5,3.0
T21397,C1355,2023-09-01,Onboarding,Low,65.4,5.0
T21399,C1034,2024-02-19,Billing,Critical,5.4,7.0
T21400,C1361,2024-12-21,Technical,Medium,24.1,5.0
