,EmployeeCount,TotalMRR,TotalSeats,TotalLogins,AvgActiveUsers,TotalAPICalls,TotalSessionMinutes,TicketCount,AvgResolutionHours
EmployeeCount,1.0,0.01779824375085395,0.025081457866922632,-0.0025528419195573883,-0.055069930926133326,0.008430154834151776,0.05691973130368827,0.0183876673644138,0.02071614301441393
TotalMRR,0.01779824375085395,1.0,0.1343235302053084,0.041484564916036006,0.07750168117677592,-0.060685828034007384,-0.001500877268132044,0.043186404666611666,0.014631348340659989
TotalSeats,0.025081457866922632,0.1343235302053084,1.0,-0.038908303120863914,-0.04992246483968897,-0.017206035156241452,-0.0419638247300985,0.01965380061815262,0.11993997361320699
TotalLogins,-0.0025528419195573883,0.041484564916036006,-0.038908303120863914,1.0,0.5891566039144013,0.6786311714221775,0.7335699922406919,0.0683072942168956,-0.05875169413817385
AvgActiveUsers,-0.055069930926133326,0.07750168117677592,-0.04992246483968897,0.5891566039144013,1.0,0.10771366603661073,0.10494543074044614,0.019248759733319642,-0.1100661832601216
TotalAPICalls,0.008430154834151776,-0.060685828034007384,-0.017206035156241452,0.6786311714221775,0.10771366603661073,1.0,0.8909947312171207,0.09629099304712381,-0.009557734730783737
TotalSessionMinutes,0.05691973130368827,-0.001500877268132044,-0.0419638247300985,0.7335699922406919,0.10494543074044614,0.8909947312171207,1.0,0.04506526593024665,-0.03179212020136327
TicketCount,0.0183876673644138,0.043186404666611666,0.01965380061815262,0.0683072942168956,0.019248759733319642,0.09629099304712381,0.04506526593024665,1.0,0.03149179467853991
AvgResolutionHours,0.02071614301441393,0.014631348340659989,0.11993997361320699,-0.05875169413817385,-0.1100661832601216,-0.009557734730783737,-0.03179212020136327,0.03149179467853991,1.0
