CustomerID,Cluster,BehaviorSegment,TotalMRR,TotalSeats,TotalLogins,AvgActiveUsers,TotalAPICalls,TotalSessionMinutes,TicketCount,AvgResolutionHours,TenureYears,RetentionRecommendation
C1001,2,Growing Active Customers,278.6,6.0,148.0,4.5,10276.0,2241.4,4.0,38.675,3.2334017796030117,Encourage feature adoption and plan expansion while engagement is strong.
C1002,1,Low-Engagement New Customers,246.76,4.0,217.0,12.181818181818182,15512.0,3021.1,4.0,16.95,2.5927446954141,"Provide onboarding assistance, product education and early engagement campaigns."
C1003,1,Low-Engagement New Customers,278.6,6.0,187.0,7.25,19771.0,4734.2,3.0,39.06666666666666,3.0362765229295,"Provide onboarding assistance, product education and early engagement campaigns."
C1004,2,Growing Active Customers,80.36,9.0,82.0,4.2,14012.0,2530.0,0.0,34.905,2.568104038329911,Encourage feature adoption and plan expansion while engagement is strong.
C1005,2,Growing Active Customers,618.76,4.0,133.0,4.6923076923076925,13232.0,2102.0,3.0,43.5,2.7405886379192332,Encourage feature adoption and plan expansion while engagement is strong.
C1006,3,Support-Heavy At-Risk Customers,1618.92,2.0,86.0,12.75,8815.0,778.2,3.0,27.033333333333335,2.026009582477755,"Prioritize support resolution, proactive outreach and issue-resolution follow-up."
C1007,1,Low-Engagement New Customers,658.68,5.0,117.0,2.909090909090909,25511.0,5778.9,2.0,16.35,3.5017111567419574,"Provide onboarding assistance, product education and early engagement campaigns."
C1008,1,Low-Engagement New Customers,818.36,9.0,155.0,9.454545454545455,23906.0,2882.3,2.0,36.3,2.5927446954141,"Provide onboarding assistance, product education and early engagement campaigns."
C1009,0,High-Value Highly Engaged,2098.6,6.0,220.0,6.444444444444445,10535.0,4973.4,4.0,31.25,3.164955509924709,"Use proactive account management, loyalty benefits and expansion opportunities."
C1010,2,Growing Active Customers,278.6,6.0,81.0,5.5,4316.0,1004.6,6.0,42.03333333333333,2.861054072553046,Encourage feature adoption and plan expansion while engagement is strong.
C1011,1,Low-Engagement New Customers,262.68,5.0,96.0,2.4,22182.0,5213.3,2.0,60.45,3.375770020533881,"Provide onboarding assistance, product education and early engagement campaigns."
C1012,3,Support-Heavy At-Risk Customers,1978.68,5.0,14.0,0.7,6827.0,1715.3,1.0,46.0,3.6084873374401094,"Prioritize support resolution, proactive outreach and issue-resolution follow-up."
C1013,3,Support-Heavy At-Risk Customers,1931.28,11.0,0.0,0.0,71.0,242.1,1.0,71.1,1.7905544147843941,"Prioritize support resolution, proactive outreach and issue-resolution follow-up."
C1014,2,Growing Active Customers,68.6,6.0,37.0,3.6666666666666665,9530.0,1674.5,2.0,37.05,2.209445585215606,Encourage feature adoption and plan expansion while engagement is strong.
C1015,2,Growing Active Customers,246.76,4.0,61.0,2.8333333333333335,15818.0,3158.3,3.0,46.800000000000004,2.6940451745379876,Encourage feature adoption and plan expansion while engagement is strong.
C1016,2,Growing Active Customers,978.04,13.0,38.0,1.25,6672.0,1720.7,4.0,38.9,2.6913073237508556,Encourage feature adoption and plan expansion while engagement is strong.
C1017,2,Growing Active Customers,60.76,4.0,24.0,1.8571428571428572,2822.0,1829.2,3.0,50.166666666666664,2.305270362765229,Encourage feature adoption and plan expansion while engagement is strong.
C1018,3,Support-Heavy At-Risk Customers,2098.6,6.0,87.0,5.3,7947.0,2759.6,6.0,33.166666666666664,2.5544147843942504,"Prioritize support resolution, proactive outreach and issue-resolution follow-up."
C1019,2,Growing Active Customers,326.36,9.0,149.0,8.11111111111111,8711.0,2472.2999999999997,2.0,28.05,2.403832991101985,Encourage feature adoption and plan expansion while engagement is strong.
C1020,2,Growing Active Customers,68.6,6.0,55.0,4.714285714285714,4663.0,1145.0,5.0,37.7,2.809034907597536,Encourage feature adoption and plan expansion while engagement is strong.
C1021,1,Low-Engagement New Customers,76.44,8.0,264.0,7.4,22493.0,4930.3,4.0,38.625,3.3675564681724848,"Provide onboarding assistance, product education and early engagement campaigns."
C1022,1,Low-Engagement New Customers,64.68,5.0,44.0,1.0625,22354.0,3827.6,8.0,46.9625,2.9979466119096507,"Provide onboarding assistance, product education and early engagement campaigns."
C1023,2,Growing Active Customers,778.44,8.0,14.0,0.8,7528.0,1362.1,5.0,39.28,2.1464750171115674,Encourage feature adoption and plan expansion while engagement is strong.
C1024,2,Growing Active Customers,246.76,4.0,47.0,7.333333333333333,1144.0,770.4000000000001,2.0,58.55,1.9383983572895278,Encourage feature adoption and plan expansion while engagement is strong.
C1025,1,Low-Engagement New Customers,262.68,5.0,70.0,1.619047619047619,33541.0,5612.8,4.0,40.825,3.4277891854893907,"Provide onboarding assistance, product education and early engagement campaigns."
C1026,2,Growing Active Customers,698.6,6.0,62.0,4.375,6120.0,1204.1,1.0,52.7,2.3928815879534566,Encourage feature adoption and plan expansion while engagement is strong.
C1027,0,High-Value Highly Engaged,778.44,8.0,18.0,1.6666666666666667,2758.0,918.7,2.0,25.0,3.3894592744695413,"Use proactive account management, loyalty benefits and expansion opportunities."
C1028,0,High-Value Highly Engaged,294.52,7.0,206.0,6.473684210526316,14811.0,3007.7,4.0,27.25,3.3045859000684463,"Use proactive account management, loyalty benefits and expansion opportunities."
C1029,0,High-Value Highly Engaged,698.6,6.0,81.0,2.9166666666666665,14593.0,3177.8,6.0,26.333333333333332,2.6803559206023273,"Use proactive account management, loyalty benefits and expansion opportunities."
C1030,1,Low-Engagement New Customers,2458.36,9.0,396.0,11.0,16297.0,5676.0,2.0,37.099999999999994,3.4223134839151266,"Provide onboarding assistance, product education and early engagement campaigns."
C1031,2,Growing Active Customers,294.52,7.0,0.0,0.0,0.0,0.0,3.0,44.79999999999999,1.6618754277891854,Encourage feature adoption and plan expansion while engagement is strong.
C1032,2,Growing Active Customers,60.76,4.0,0.0,0.0,0.0,0.0,5.0,48.54,1.7084188911704312,Encourage feature adoption and plan expansion while engagement is strong.
C1033,1,Low-Engagement New Customers,342.28,10.0,146.0,6.642857142857143,18744.0,3730.3,5.0,54.220000000000006,2.8199863107460645,"Provide onboarding assistance, product education and early engagement campaigns."
C1034,3,Support-Heavy At-Risk Customers,2578.28,10.0,0.0,0.0,0.0,0.0,3.0,37.53333333333334,1.6618754277891854,"Prioritize support resolution, proactive outreach and issue-resolution follow-up."
C1035,1,Low-Engagement New Customers,1978.68,5.0,171.0,5.105263157894737,28076.0,5400.6,7.0,35.285714285714285,3.263518138261465,"Provide onboarding assistance, product education and early engagement campaigns."
C1036,1,Low-Engagement New Customers,80.36,9.0,168.0,6.0,31827.0,3956.6,6.0,32.26666666666667,3.0882956878850103,"Provide onboarding assistance, product education and early engagement campaigns."
C1037,3,Support-Heavy At-Risk Customers,1978.68,5.0,42.0,2.090909090909091,6623.0,1911.7,3.0,50.06666666666667,2.5790554414784395,"Prioritize support resolution, proactive outreach and issue-resolution follow-up."
C1038,2,Growing Active Customers,246.76,4.0,71.0,2.7142857142857144,9156.0,1877.9,4.0,49.275,3.3894592744695413,Encourage feature adoption and plan expansion while engagement is strong.
C1039,1,Low-Engagement New Customers,76.44,8.0,83.0,1.9090909090909092,27844.0,5371.4,2.0,11.65,3.509924709103354,"Provide onboarding assistance, product education and early engagement campaigns."
C1040,2,Growing Active Customers,326.36,9.0,92.0,4.545454545454546,17865.0,2545.6,4.0,42.3,2.614647501711157,Encourage feature adoption and plan expansion while engagement is strong.
C1041,2,Growing Active Customers,437.8,16.0,111.0,4.3076923076923075,17426.0,3163.5,2.0,34.5,2.737850787132101,Encourage feature adoption and plan expansion while engagement is strong.
C1042,1,Low-Engagement New Customers,60.76,4.0,311.0,9.15,33162.0,5195.7,3.0,23.7,3.373032169746749,"Provide onboarding assistance, product education and early engagement campaigns."
C1043,1,Low-Engagement New Customers,698.6,6.0,173.0,5.5,13399.0,3300.2,2.0,16.1,3.1704312114989732,"Provide onboarding assistance, product education and early engagement campaigns."
C1044,2,Growing Active Customers,246.76,4.0,78.0,6.833333333333333,4675.0,1085.2,3.0,19.233333333333334,2.21492128678987,Encourage feature adoption and plan expansion while engagement is strong.
C1045,3,Support-Heavy At-Risk Customers,2578.28,10.0,61.0,4.285714285714286,14787.0,1688.4,5.0,30.420000000000005,2.291581108829569,"Prioritize support resolution, proactive outreach and issue-resolution follow-up."
C1046,3,Support-Heavy At-Risk Customers,2098.6,3.0,35.0,0.625,12343.0,2652.6,6.0,46.65,3.058179329226557,"Prioritize support resolution, proactive outreach and issue-resolution follow-up."
C1047,2,Growing Active Customers,80.36,9.0,140.0,10.285714285714286,7995.0,1636.1999999999998,1.0,32.6,2.316221765913758,Encourage feature adoption and plan expansion while engagement is strong.
C1048,1,Low-Engagement New Customers,658.68,5.0,62.0,1.6111111111111112,28335.0,3478.9,3.0,27.7,3.1704312114989732,"Provide onboarding assistance, product education and early engagement campaigns."
C1049,3,Support-Heavy At-Risk Customers,4676.88,16.0,32.0,6.0,5258.0,685.9000000000001,7.0,19.37142857142857,1.9685147159479808,"Prioritize support resolution, proactive outreach and issue-resolution follow-up."
C1050,3,Support-Heavy At-Risk Customers,1825.3600000000001,10.0,101.0,4.636363636363637,7638.0,2242.5,3.0,20.6,3.2142368240930868,"Prioritize support resolution, proactive outreach and issue-resolution follow-up."
C1051,2,Growing Active Customers,262.68,5.0,92.0,10.4,4768.0,1286.3,5.0,29.540000000000003,2.1492128678986995,Encourage feature adoption and plan expansion while engagement is strong.
C1052,2,Growing Active Customers,390.04,13.0,92.0,7.375,10723.0,2131.9,4.0,31.1,2.3764544832306638,Encourage feature adoption and plan expansion while engagement is strong.
C1053,2,Growing Active Customers,310.44,8.0,84.0,2.8666666666666667,8093.0,2017.3999999999999,2.0,41.15,3.3374401095140316,Encourage feature adoption and plan expansion while engagement is strong.
C1054,2,Growing Active Customers,818.36,9.0,14.0,4.5,4910.0,824.9,3.0,40.5,1.8617385352498288,Encourage feature adoption and plan expansion while engagement is strong.
C1055,1,Low-Engagement New Customers,68.6,6.0,134.0,3.5555555555555554,20493.0,2621.9,3.0,28.366666666666664,3.5044490075290895,"Provide onboarding assistance, product education and early engagement campaigns."
C1056,2,Growing Active Customers,658.68,5.0,14.0,1.0,14097.0,1681.6999999999998,4.0,36.875,2.1546885694729636,Encourage feature adoption and plan expansion while engagement is strong.
C1057,1,Low-Engagement New Customers,76.44,8.0,260.0,9.714285714285714,14388.0,3077.1,1.0,2.8,2.869267624914442,"Provide onboarding assistance, product education and early engagement campaigns."
C1058,2,Growing Active Customers,64.68,5.0,45.0,4.6,4003.0,724.0,1.0,4.0,2.078028747433265,Encourage feature adoption and plan expansion while engagement is strong.
C1059,2,Growing Active Customers,658.68,5.0,113.0,11.833333333333334,4999.0,1587.3,2.0,24.700000000000003,2.193018480492813,Encourage feature adoption and plan expansion while engagement is strong.
C1060,1,Low-Engagement New Customers,80.36,9.0,385.0,12.444444444444445,31791.0,4374.7,2.0,57.1,3.2142368240930868,"Provide onboarding assistance, product education and early engagement campaigns."
C1061,1,Low-Engagement New Customers,310.44,8.0,266.0,8.31578947368421,16514.0,5155.2,2.0,37.45,3.3155373032169746,"Provide onboarding assistance, product education and early engagement campaigns."
C1062,0,High-Value Highly Engaged,358.2,11.0,6.0,0.6666666666666666,2946.0,438.0,2.0,42.9,3.3155373032169746,"Use proactive account management, loyalty benefits and expansion opportunities."
C1063,2,Growing Active Customers,56.84,3.0,52.0,2.5,12377.0,1460.6,4.0,43.95,3.29637234770705,Encourage feature adoption and plan expansion while engagement is strong.
C1064,2,Growing Active Customers,68.6,6.0,88.0,3.9,16026.0,2546.0,1.0,22.1,2.513347022587269,Encourage feature adoption and plan expansion while engagement is strong.
C1065,0,High-Value Highly Engaged,898.2,11.0,90.0,3.1333333333333333,19830.0,4097.7,4.0,32.825,2.91854893908282,"Use proactive account management, loyalty benefits and expansion opportunities."
C1066,2,Growing Active Customers,88.2,11.0,32.0,2.6666666666666665,8966.0,1407.7,3.0,46.63333333333333,2.187542778918549,Encourage feature adoption and plan expansion while engagement is strong.
C1067,1,Low-Engagement New Customers,326.36,9.0,139.0,7.545454545454546,23539.0,2360.9,6.0,44.21666666666667,2.622861054072553,"Provide onboarding assistance, product education and early engagement campaigns."
C1068,2,Growing Active Customers,262.68,5.0,5.0,0.5,1291.0,625.5999999999999,2.0,38.225,1.88911704312115,Encourage feature adoption and plan expansion while engagement is strong.
C1069,1,Low-Engagement New Customers,80.36,9.0,262.0,8.294117647058824,17132.0,4548.9,2.0,9.05,3.1129363449691994,"Provide onboarding assistance, product education and early engagement campaigns."
C1070,2,Growing Active Customers,64.68,5.0,0.0,0.0,0.0,0.0,3.0,11.933333333333332,1.6646132785763177,Encourage feature adoption and plan expansion while engagement is strong.
C1071,2,Growing Active Customers,326.36,9.0,82.0,10.25,7361.0,969.3,4.0,38.45,2.0369609856262834,Encourage feature adoption and plan expansion while engagement is strong.
C1072,1,Low-Engagement New Customers,278.6,6.0,368.0,10.047619047619047,45924.0,4879.2,8.0,38.4875,3.4277891854893907,"Provide onboarding assistance, product education and early engagement campaigns."
C1073,1,Low-Engagement New Customers,84.28,10.0,150.0,5.0588235294117645,29996.0,4698.9,4.0,47.4,3.0992470910335386,"Provide onboarding assistance, product education and early engagement campaigns."
C1074,2,Growing Active Customers,294.52,7.0,22.0,4.0,3339.0,647.0,5.0,44.6,1.9548254620123204,Encourage feature adoption and plan expansion while engagement is strong.
C1075,2,Growing Active Customers,738.52,7.0,39.0,2.75,12737.0,2030.6,5.0,26.360000000000003,2.401095140314853,Encourage feature adoption and plan expansion while engagement is strong.
C1076,3,Support-Heavy At-Risk Customers,2542.6400000000003,19.0,97.0,5.75,3740.0,1196.6,3.0,45.56666666666666,2.3326488706365502,"Prioritize support resolution, proactive outreach and issue-resolution follow-up."
C1077,2,Growing Active Customers,80.36,9.0,64.0,3.5,21829.0,2317.6,4.0,22.175,2.543463381245722,Encourage feature adoption and plan expansion while engagement is strong.
C1078,2,Growing Active Customers,76.44,8.0,32.0,1.3,12136.0,2280.5,8.0,25.3875,2.546201232032854,Encourage feature adoption and plan expansion while engagement is strong.
C1079,2,Growing Active Customers,778.44,8.0,73.0,7.166666666666667,8715.0,1308.6,5.0,22.240000000000002,2.1546885694729636,Encourage feature adoption and plan expansion while engagement is strong.
C1080,2,Growing Active Customers,310.44,8.0,29.0,1.75,11010.0,1817.1999999999998,2.0,19.0,2.3901437371663246,Encourage feature adoption and plan expansion while engagement is strong.
C1081,2,Growing Active Customers,64.68,5.0,21.0,0.8888888888888888,6779.0,2164.7,3.0,47.53333333333333,2.4832306639288158,Encourage feature adoption and plan expansion while engagement is strong.
C1082,2,Growing Active Customers,294.52,7.0,92.0,5.857142857142857,8629.0,1994.1,6.0,51.81666666666666,2.302532511978097,Encourage feature adoption and plan expansion while engagement is strong.
C1083,2,Growing Active Customers,80.36,9.0,63.0,3.1,21976.0,2616.3,1.0,69.2,2.568104038329911,Encourage feature adoption and plan expansion while engagement is strong.
C1084,2,Growing Active Customers,294.52,7.0,0.0,0.0,0.0,0.0,5.0,19.22,1.6865160848733745,Encourage feature adoption and plan expansion while engagement is strong.
C1085,2,Growing Active Customers,618.76,4.0,109.0,7.5,5745.0,1269.1000000000001,2.0,6.95,3.274469541409993,Encourage feature adoption and plan expansion while engagement is strong.
C1086,1,Low-Engagement New Customers,818.36,9.0,46.0,1.0,24023.0,5188.8,2.0,51.25,3.4086242299794662,"Provide onboarding assistance, product education and early engagement campaigns."
C1087,2,Growing Active Customers,60.76,4.0,10.0,3.0,4931.0,369.0,4.0,51.0,1.891854893908282,Encourage feature adoption and plan expansion while engagement is strong.
C1088,1,Low-Engagement New Customers,310.44,8.0,65.0,1.631578947368421,25835.0,4372.1,3.0,46.4,3.238877481177276,"Provide onboarding assistance, product education and early engagement campaigns."
C1089,2,Growing Active Customers,72.52,9.0,22.0,1.125,9825.0,2563.9,4.0,52.925,2.329911019849418,Encourage feature adoption and plan expansion while engagement is strong.
C1090,2,Growing Active Customers,326.36,9.0,9.0,1.3333333333333333,2140.0,551.8,3.0,30.566666666666666,1.9712525667351128,Encourage feature adoption and plan expansion while engagement is strong.
C1091,2,Growing Active Customers,618.76,4.0,13.0,3.0,1649.0,739.0999999999999,3.0,51.166666666666664,1.8535249828884326,Encourage feature adoption and plan expansion while engagement is strong.
C1092,2,Growing Active Customers,68.6,6.0,7.0,2.0,3097.0,221.8,2.0,40.55,1.8042436687200547,Encourage feature adoption and plan expansion while engagement is strong.
C1093,1,Low-Engagement New Customers,658.68,5.0,263.0,7.95,32589.0,5688.2,5.0,22.14,3.3292265571526354,"Provide onboarding assistance, product education and early engagement campaigns."
C1094,1,Low-Engagement New Customers,1858.76,4.0,377.0,9.363636363636363,34990.0,5469.5,2.0,25.799999999999997,3.5592060232717317,"Provide onboarding assistance, product education and early engagement campaigns."
C1095,1,Low-Engagement New Customers,72.52,7.0,170.0,4.0,25465.0,5224.7,2.0,50.900000000000006,3.6139630390143735,"Provide onboarding assistance, product education and early engagement campaigns."
C1096,2,Growing Active Customers,310.44,8.0,151.0,7.5,14710.0,2549.2,5.0,22.48,2.5516769336071183,Encourage feature adoption and plan expansion while engagement is strong.
C1097,2,Growing Active Customers,68.6,6.0,4.0,2.0,142.0,350.7,5.0,31.339999999999996,1.7522245037645447,Encourage feature adoption and plan expansion while engagement is strong.
C1098,2,Growing Active Customers,818.36,9.0,78.0,4.222222222222222,10967.0,2559.7,3.0,30.46666666666667,2.4202600958247777,Encourage feature adoption and plan expansion while engagement is strong.
C1099,2,Growing Active Customers,88.2,11.0,69.0,2.5384615384615383,9438.0,1938.2,3.0,6.166666666666667,3.6030116358658453,Encourage feature adoption and plan expansion while engagement is strong.
C1100,3,Support-Heavy At-Risk Customers,2098.6,6.0,99.0,8.333333333333334,4439.0,1477.6,2.0,37.6,2.16290212183436,"Prioritize support resolution, proactive outreach and issue-resolution follow-up."
C1101,1,Low-Engagement New Customers,294.52,7.0,166.0,3.739130434782609,20407.0,5621.4,2.0,42.3,3.583846680355921,"Provide onboarding assistance, product education and early engagement campaigns."
C1102,1,Low-Engagement New Customers,2218.52,7.0,329.0,8.227272727272727,27520.0,5287.599999999999,2.0,22.400000000000002,3.5236139630390144,"Provide onboarding assistance, product education and early engagement campaigns."
C1103,3,Support-Heavy At-Risk Customers,3057.96,14.0,205.0,7.055555555555555,19629.0,4535.4,2.0,45.45,3.156741957563313,"Prioritize support resolution, proactive outreach and issue-resolution follow-up."
C1104,2,Growing Active Customers,72.52,7.0,14.0,2.0,3179.0,731.8,1.0,68.5,1.9575633127994525,Encourage feature adoption and plan expansion while engagement is strong.
C1105,1,Low-Engagement New Customers,698.6,6.0,218.0,5.0,40850.0,6135.1,2.0,32.0,3.652292950034223,"Provide onboarding assistance, product education and early engagement campaigns."
C1106,2,Growing Active Customers,199.0,1.0,19.0,2.75,5248.0,1062.8000000000002,3.0,21.0,1.9876796714579055,Encourage feature adoption and plan expansion while engagement is strong.
C1107,0,High-Value Highly Engaged,64.68,5.0,131.0,5.230769230769231,9557.0,1669.5,4.0,34.625,2.8008213552361396,"Use proactive account management, loyalty benefits and expansion opportunities."
C1108,1,Low-Engagement New Customers,68.6,6.0,319.0,8.125,14818.0,5954.4,2.0,32.05,3.696098562628337,"Provide onboarding assistance, product education and early engagement campaigns."
C1109,1,Low-Engagement New Customers,262.68,5.0,397.0,9.478260869565217,22170.0,5452.4,6.0,57.800000000000004,3.597535934291581,"Provide onboarding assistance, product education and early engagement campaigns."
C1110,2,Growing Active Customers,294.52,7.0,70.0,6.166666666666667,7955.0,1803.8,1.0,11.2,2.1546885694729636,Encourage feature adoption and plan expansion while engagement is strong.
C1111,2,Growing Active Customers,658.68,5.0,97.0,8.142857142857142,13354.0,2055.6,6.0,35.766666666666666,2.236824093086927,Encourage feature adoption and plan expansion while engagement is strong.
C1112,1,Low-Engagement New Customers,72.52,7.0,197.0,7.1875,12639.0,2096.45,7.0,27.97142857142857,3.1704312114989732,"Provide onboarding assistance, product education and early engagement campaigns."
C1113,3,Support-Heavy At-Risk Customers,2578.28,10.0,75.0,14.5,5941.0,898.3,5.0,42.620000000000005,2.0342231348391513,"Prioritize support resolution, proactive outreach and issue-resolution follow-up."
C1114,2,Growing Active Customers,80.36,9.0,43.0,13.5,7252.0,711.9,2.0,54.7,1.8288843258042438,Encourage feature adoption and plan expansion while engagement is strong.
C1115,2,Growing Active Customers,88.2,11.0,32.0,2.75,4271.0,919.5,5.0,39.64,2.023271731690623,Encourage feature adoption and plan expansion while engagement is strong.
C1116,2,Growing Active Customers,80.36,9.0,3.0,2.0,1626.0,206.0,5.0,34.059999999999995,1.8151950718685832,Encourage feature adoption and plan expansion while engagement is strong.
C1117,2,Growing Active Customers,738.52,7.0,21.0,5.0,1511.0,839.0999999999999,3.0,27.03333333333333,2.6611909650924024,Encourage feature adoption and plan expansion while engagement is strong.
C1118,2,Growing Active Customers,278.6,6.0,25.0,1.5,2732.0,1294.8,1.0,27.8,2.190280629705681,Encourage feature adoption and plan expansion while engagement is strong.
C1119,1,Low-Engagement New Customers,72.52,7.0,143.0,4.333333333333333,31571.0,4465.8,3.0,44.76666666666667,3.159479808350445,"Provide onboarding assistance, product education and early engagement campaigns."
C1120,2,Growing Active Customers,310.44,8.0,53.0,4.428571428571429,6893.0,2091.4,2.0,52.349999999999994,2.2642026009582477,Encourage feature adoption and plan expansion while engagement is strong.
C1121,1,Low-Engagement New Customers,1858.76,4.0,361.0,9.047619047619047,16589.0,5596.4,3.0,32.800000000000004,3.4524298425735798,"Provide onboarding assistance, product education and early engagement campaigns."
C1122,2,Growing Active Customers,310.44,8.0,51.0,3.25,11495.0,1316.7,3.0,33.86666666666667,2.4695414099931554,Encourage feature adoption and plan expansion while engagement is strong.
C1123,2,Growing Active Customers,92.12,12.0,103.0,8.0,8648.0,2245.8,5.0,31.339999999999996,2.379192334017796,Encourage feature adoption and plan expansion while engagement is strong.
C1124,2,Growing Active Customers,278.6,6.0,27.0,3.2,5295.0,1553.3,1.0,4.9,2.127310061601643,Encourage feature adoption and plan expansion while engagement is strong.
C1125,1,Low-Engagement New Customers,88.2,11.0,171.0,6.928571428571429,12809.0,1938.2,5.0,55.94000000000001,3.274469541409993,"Provide onboarding assistance, product education and early engagement campaigns."
C1126,1,Low-Engagement New Customers,96.04,13.0,198.0,8.733333333333333,18920.0,4027.4,4.0,29.05,2.9568788501026693,"Provide onboarding assistance, product education and early engagement campaigns."
C1127,1,Low-Engagement New Customers,278.6,6.0,173.0,9.1,17903.0,2411.2,6.0,39.733333333333334,2.5270362765229293,"Provide onboarding assistance, product education and early engagement campaigns."
C1128,1,Low-Engagement New Customers,88.2,11.0,325.0,11.6875,29390.0,3862.2,2.0,37.0,2.9897330595482545,"Provide onboarding assistance, product education and early engagement campaigns."
C1129,0,High-Value Highly Engaged,858.28,10.0,57.0,4.0,3842.0,1717.3,3.0,35.666666666666664,2.3326488706365502,"Use proactive account management, loyalty benefits and expansion opportunities."
C1130,1,Low-Engagement New Customers,80.36,9.0,181.0,10.8,18465.0,2618.8,3.0,18.866666666666664,2.4996577686516086,"Provide onboarding assistance, product education and early engagement campaigns."
C1131,1,Low-Engagement New Customers,525.36,10.0,129.0,3.0952380952380953,23099.0,4145.5,4.0,39.4,3.3921971252566734,"Provide onboarding assistance, product education and early engagement campaigns."
C1132,2,Growing Active Customers,775.04,14.0,37.0,1.0769230769230769,9322.0,2167.1,0.0,34.905,2.8008213552361396,Encourage feature adoption and plan expansion while engagement is strong.
C1133,2,Growing Active Customers,80.36,9.0,0.0,0.0,0.0,0.0,1.0,32.4,1.6646132785763177,Encourage feature adoption and plan expansion while engagement is strong.
C1134,1,Low-Engagement New Customers,56.84,3.0,453.0,9.666666666666666,31979.0,5912.55,6.0,40.15,3.652292950034223,"Provide onboarding assistance, product education and early engagement campaigns."
C1135,1,Low-Engagement New Customers,246.76,4.0,159.0,6.785714285714286,18102.0,3275.8,3.0,62.9,2.844626967830253,"Provide onboarding assistance, product education and early engagement campaigns."
C1136,2,Growing Active Customers,294.52,7.0,47.0,2.7777777777777777,12966.0,2207.4,0.0,34.905,2.4750171115674195,Encourage feature adoption and plan expansion while engagement is strong.
C1137,2,Growing Active Customers,342.28,10.0,110.0,7.75,8261.0,1366.6,6.0,30.616666666666664,3.1293634496919918,Encourage feature adoption and plan expansion while engagement is strong.
C1138,2,Growing Active Customers,84.28,10.0,50.0,8.333333333333334,3912.0,601.3000000000001,5.0,26.080000000000002,1.9110198494182067,Encourage feature adoption and plan expansion while engagement is strong.
C1139,1,Low-Engagement New Customers,68.6,6.0,211.0,6.0,33461.0,4953.2,4.0,49.300000000000004,3.19233401779603,"Provide onboarding assistance, product education and early engagement campaigns."
C1140,2,Growing Active Customers,278.6,6.0,36.0,3.75,1991.0,781.7,7.0,46.228571428571435,2.195756331279945,Encourage feature adoption and plan expansion while engagement is strong.
C1141,1,Low-Engagement New Customers,278.6,6.0,136.0,3.0869565217391304,28450.0,6789.9,4.0,33.575,3.5811088295687883,"Provide onboarding assistance, product education and early engagement campaigns."
C1142,1,Low-Engagement New Customers,326.36,9.0,270.0,6.863636363636363,27711.0,5823.3,4.0,28.05,3.564681724845996,"Provide onboarding assistance, product education and early engagement campaigns."
C1143,2,Growing Active Customers,88.2,11.0,98.0,3.25,10005.0,2354.3,4.0,52.824999999999996,3.594798083504449,Encourage feature adoption and plan expansion while engagement is strong.
C1144,3,Support-Heavy At-Risk Customers,2698.2,11.0,216.0,10.916666666666666,22209.0,3397.3,3.0,32.23333333333333,2.6940451745379876,"Prioritize support resolution, proactive outreach and issue-resolution follow-up."
C1145,1,Low-Engagement New Customers,68.6,6.0,313.0,7.681818181818182,23925.0,6105.9,5.0,54.06,3.4962354551676933,"Provide onboarding assistance, product education and early engagement campaigns."
C1146,1,Low-Engagement New Customers,294.52,7.0,132.0,2.8333333333333335,24680.0,5860.7,2.0,30.5,3.6906228610540723,"Provide onboarding assistance, product education and early engagement campaigns."
C1147,1,Low-Engagement New Customers,262.68,5.0,173.0,6.071428571428571,13087.0,3993.0,2.0,43.7,2.8829568788501025,"Provide onboarding assistance, product education and early engagement campaigns."
C1148,2,Growing Active Customers,778.44,8.0,18.0,1.75,3392.0,832.8000000000001,1.0,68.6,2.0561259411362083,Encourage feature adoption and plan expansion while engagement is strong.
C1149,1,Low-Engagement New Customers,1978.68,5.0,71.0,1.8571428571428572,23494.0,5919.3,5.0,31.920000000000005,3.4250513347022586,"Provide onboarding assistance, product education and early engagement campaigns."
C1150,2,Growing Active Customers,578.84,3.0,0.0,0.0,0.0,0.0,3.0,45.0,1.6947296372347707,Encourage feature adoption and plan expansion while engagement is strong.
C1151,2,Growing Active Customers,778.44,8.0,132.0,4.529411764705882,10874.0,1887.0,1.0,61.7,3.184120465434634,Encourage feature adoption and plan expansion while engagement is strong.
C1152,2,Growing Active Customers,294.52,7.0,19.0,1.4,4282.0,880.5,5.0,39.660000000000004,2.1437371663244353,Encourage feature adoption and plan expansion while engagement is strong.
C1153,2,Growing Active Customers,618.76,4.0,30.0,2.2,7219.0,1156.8,1.0,12.7,2.1245722108145104,Encourage feature adoption and plan expansion while engagement is strong.
C1154,2,Growing Active Customers,723.3599999999999,10.0,8.0,1.3333333333333333,3649.0,657.9000000000001,1.0,77.3,1.9055441478439425,Encourage feature adoption and plan expansion while engagement is strong.
C1155,3,Support-Heavy At-Risk Customers,2098.6,6.0,97.0,2.875,21903.0,4323.0,3.0,40.46666666666667,2.9869952087611225,"Prioritize support resolution, proactive outreach and issue-resolution follow-up."
C1156,3,Support-Heavy At-Risk Customers,2218.52,7.0,85.0,4.6,12133.0,2974.4,2.0,5.85,2.5270362765229293,"Prioritize support resolution, proactive outreach and issue-resolution follow-up."
C1157,2,Growing Active Customers,230.84,3.0,76.0,3.5454545454545454,15644.0,2611.0,6.0,38.083333333333336,2.5845311430527036,Encourage feature adoption and plan expansion while engagement is strong.
C1158,0,High-Value Highly Engaged,84.28,10.0,201.0,4.409090909090909,21070.0,5085.2,3.0,46.0,3.515400410677618,"Use proactive account management, loyalty benefits and expansion opportunities."
C1159,2,Growing Active Customers,80.36,9.0,50.0,6.5,5396.0,952.8,6.0,50.54999999999999,2.0616016427104724,Encourage feature adoption and plan expansion while engagement is strong.
C1160,2,Growing Active Customers,68.6,6.0,10.0,4.0,597.0,228.8,4.0,45.15,1.787816563997262,Encourage feature adoption and plan expansion while engagement is strong.
C1161,2,Growing Active Customers,246.76,4.0,22.0,1.125,21178.0,2260.1,3.0,30.833333333333332,2.3545516769336072,Encourage feature adoption and plan expansion while engagement is strong.
C1162,3,Support-Heavy At-Risk Customers,2098.6,6.0,26.0,3.5,1159.0,551.1999999999999,3.0,24.2,2.0451745379876796,"Prioritize support resolution, proactive outreach and issue-resolution follow-up."
C1163,1,Low-Engagement New Customers,278.6,6.0,89.0,2.8125,24521.0,3983.4,3.0,27.666666666666668,3.060917180013689,"Provide onboarding assistance, product education and early engagement campaigns."
C1164,1,Low-Engagement New Customers,80.36,9.0,255.0,9.266666666666667,27508.0,3747.0,3.0,30.333333333333332,2.97056810403833,"Provide onboarding assistance, product education and early engagement campaigns."
C1165,2,Growing Active Customers,72.52,7.0,153.0,9.3,13464.0,2518.4,5.0,49.480000000000004,2.537987679671458,Encourage feature adoption and plan expansion while engagement is strong.
C1166,3,Support-Heavy At-Risk Customers,2338.44,8.0,31.0,4.2,7565.0,1049.7,3.0,35.03333333333333,2.0698151950718686,"Prioritize support resolution, proactive outreach and issue-resolution follow-up."
C1167,0,High-Value Highly Engaged,278.6,6.0,66.0,1.2380952380952381,26818.0,4928.8,4.0,19.85,3.436002737850787,"Use proactive account management, loyalty benefits and expansion opportunities."
C1168,1,Low-Engagement New Customers,56.84,3.0,318.0,10.933333333333334,12269.0,3954.2,2.0,7.55,2.9048596851471595,"Provide onboarding assistance, product education and early engagement campaigns."
C1169,2,Growing Active Customers,658.68,5.0,16.0,1.75,8651.0,1094.9,3.0,21.96666666666667,2.0643394934976045,Encourage feature adoption and plan expansion while engagement is strong.
C1170,2,Growing Active Customers,76.44,8.0,74.0,7.666666666666667,5555.0,912.7,2.0,50.4,2.7433264887063653,Encourage feature adoption and plan expansion while engagement is strong.
C1171,1,Low-Engagement New Customers,294.52,8.0,270.0,9.642857142857142,20380.0,3424.1,0.0,34.905,2.891170431211499,"Provide onboarding assistance, product education and early engagement campaigns."
C1172,2,Growing Active Customers,818.36,9.0,23.0,5.0,2296.0,209.9,0.0,34.905,1.8781656399726214,Encourage feature adoption and plan expansion while engagement is strong.
C1173,2,Growing Active Customers,76.44,8.0,35.0,5.0,6443.0,571.4,1.0,23.1,2.0588637919233403,Encourage feature adoption and plan expansion while engagement is strong.
C1174,2,Growing Active Customers,230.84,3.0,63.0,5.6,7341.0,935.7,6.0,32.725,2.0725530458590007,Encourage feature adoption and plan expansion while engagement is strong.
C1175,1,Low-Engagement New Customers,56.84,3.0,103.0,2.35,22317.0,4691.6,7.0,41.521428571428565,3.3210130047912387,"Provide onboarding assistance, product education and early engagement campaigns."
C1176,2,Growing Active Customers,72.52,7.0,60.0,5.8,1509.0,798.1,5.0,23.860000000000003,2.080766598220397,Encourage feature adoption and plan expansion while engagement is strong.
C1177,1,Low-Engagement New Customers,72.52,7.0,245.0,11.142857142857142,17908.0,4081.4,5.0,26.28,2.86652977412731,"Provide onboarding assistance, product education and early engagement campaigns."
C1178,1,Low-Engagement New Customers,326.36,9.0,360.0,10.789473684210526,24438.0,4765.1,2.0,25.200000000000003,3.238877481177276,"Provide onboarding assistance, product education and early engagement campaigns."
C1179,2,Growing Active Customers,60.76,4.0,30.0,2.0,5745.0,1048.6,3.0,23.666666666666668,3.1184120465434635,Encourage feature adoption and plan expansion while engagement is strong.
C1180,2,Growing Active Customers,68.6,6.0,142.0,8.545454545454545,8996.0,1991.9,1.0,79.8,3.1156741957563314,Encourage feature adoption and plan expansion while engagement is strong.
C1181,2,Growing Active Customers,230.84,3.0,65.0,8.5,2741.0,725.8,2.0,23.299999999999997,1.9904175222450375,Encourage feature adoption and plan expansion while engagement is strong.
C1182,3,Support-Heavy At-Risk Customers,1978.68,5.0,37.0,0.875,14175.0,2507.7,4.0,42.075,3.0116358658453115,"Prioritize support resolution, proactive outreach and issue-resolution follow-up."
C1183,2,Growing Active Customers,402.8,17.0,52.0,2.888888888888889,10636.0,1341.9,3.0,34.6,2.4777549623545516,Encourage feature adoption and plan expansion while engagement is strong.
C1184,1,Low-Engagement New Customers,818.36,9.0,192.0,4.714285714285714,21884.0,5316.95,2.0,15.549999999999999,3.4469541409993156,"Provide onboarding assistance, product education and early engagement campaigns."
C1185,2,Growing Active Customers,294.52,7.0,53.0,5.4,6286.0,1016.2,3.0,10.133333333333333,2.088980150581793,Encourage feature adoption and plan expansion while engagement is strong.
C1186,1,Low-Engagement New Customers,738.52,7.0,104.0,3.933333333333333,22089.0,3798.4,3.0,14.299999999999999,2.973305954825462,"Provide onboarding assistance, product education and early engagement campaigns."
C1187,1,Low-Engagement New Customers,578.84,3.0,209.0,12.2,18117.0,2975.9,2.0,34.4,2.516084873374401,"Provide onboarding assistance, product education and early engagement campaigns."
C1188,1,Low-Engagement New Customers,778.44,8.0,389.0,13.61111111111111,35150.0,4808.3,4.0,41.275,3.1813826146475015,"Provide onboarding assistance, product education and early engagement campaigns."
C1189,2,Growing Active Customers,310.44,8.0,19.0,1.8,8596.0,604.3,1.0,59.0,2.080766598220397,Encourage feature adoption and plan expansion while engagement is strong.
C1190,1,Low-Engagement New Customers,342.28,10.0,53.0,0.782608695652174,24468.0,5894.7,1.0,4.1,3.6112251882272415,"Provide onboarding assistance, product education and early engagement campaigns."
C1191,1,Low-Engagement New Customers,68.6,6.0,246.0,10.076923076923077,13042.0,3241.4,2.0,23.549999999999997,2.735112936344969,"Provide onboarding assistance, product education and early engagement campaigns."
C1192,1,Low-Engagement New Customers,84.28,10.0,62.0,1.7777777777777777,22798.0,4445.2,4.0,31.95,3.2251882272416155,"Provide onboarding assistance, product education and early engagement campaigns."
C1193,2,Growing Active Customers,278.6,6.0,18.0,2.0,5062.0,1498.6,2.0,16.55,2.1464750171115674,Encourage feature adoption and plan expansion while engagement is strong.
C1194,3,Support-Heavy At-Risk Customers,3957.3599999999997,10.0,105.0,6.2,7975.0,1555.5,5.0,39.46,2.518822724161533,"Prioritize support resolution, proactive outreach and issue-resolution follow-up."
C1195,1,Low-Engagement New Customers,2578.28,10.0,224.0,6.0,20385.0,4668.9,5.0,31.52,3.3976728268309375,"Provide onboarding assistance, product education and early engagement campaigns."
C1196,2,Growing Active Customers,99.96,14.0,6.0,0.5,3590.0,589.8,3.0,15.799999999999999,3.5290896646132786,Encourage feature adoption and plan expansion while engagement is strong.
C1197,2,Growing Active Customers,88.2,11.0,86.0,5.444444444444445,19714.0,2455.6,6.0,38.38333333333333,2.409308692676249,Encourage feature adoption and plan expansion while engagement is strong.
C1198,1,Low-Engagement New Customers,2218.52,7.0,377.0,8.523809523809524,28182.0,5368.0,6.0,27.03333333333333,3.4168377823408624,"Provide onboarding assistance, product education and early engagement campaigns."
C1199,2,Growing Active Customers,278.6,6.0,12.0,1.0,7005.0,1241.4,1.0,59.4,2.138261464750171,Encourage feature adoption and plan expansion while engagement is strong.
C1200,2,Growing Active Customers,60.76,4.0,21.0,3.5,927.0,447.9,3.0,55.199999999999996,1.8726899383983573,Encourage feature adoption and plan expansion while engagement is strong.
C1201,3,Support-Heavy At-Risk Customers,1858.76,4.0,20.0,9.0,185.0,337.2,4.0,49.85,1.7987679671457906,"Prioritize support resolution, proactive outreach and issue-resolution follow-up."
C1202,2,Growing Active Customers,1112.88,16.0,18.0,6.0,1956.0,335.6,1.0,41.6,1.8015058179329226,Encourage feature adoption and plan expansion while engagement is strong.
C1203,2,Growing Active Customers,858.28,10.0,36.0,7.333333333333333,8114.0,821.0,2.0,32.05,1.919233401779603,Encourage feature adoption and plan expansion while engagement is strong.
C1204,1,Low-Engagement New Customers,2338.44,8.0,333.0,8.782608695652174,23455.0,6215.1,3.0,62.76666666666667,3.597535934291581,"Provide onboarding assistance, product education and early engagement campaigns."
C1205,2,Growing Active Customers,778.44,8.0,87.0,3.9166666666666665,9564.0,2022.0,1.0,27.3,2.858316221765914,Encourage feature adoption and plan expansion while engagement is strong.
C1206,1,Low-Engagement New Customers,738.52,7.0,349.0,9.476190476190476,30924.0,5245.900000000001,9.0,34.63333333333333,3.4086242299794662,"Provide onboarding assistance, product education and early engagement campaigns."
C1207,1,Low-Engagement New Customers,310.44,8.0,373.0,8.857142857142858,29308.0,5186.3,3.0,46.333333333333336,3.4414784394250515,"Provide onboarding assistance, product education and early engagement campaigns."
C1208,2,Growing Active Customers,60.76,4.0,21.0,1.0,10291.0,1918.8,2.0,25.3,2.9815195071868583,Encourage feature adoption and plan expansion while engagement is strong.
C1209,2,Growing Active Customers,658.68,5.0,30.0,2.5,6854.0,1348.6,1.0,12.3,3.077344284736482,Encourage feature adoption and plan expansion while engagement is strong.
C1210,2,Growing Active Customers,56.84,3.0,36.0,2.25,5247.0,972.7,3.0,17.366666666666667,2.7405886379192332,Encourage feature adoption and plan expansion while engagement is strong.
C1211,2,Growing Active Customers,294.52,7.0,52.0,8.333333333333334,3102.0,1011.4,1.0,57.9,1.949349760438056,Encourage feature adoption and plan expansion while engagement is strong.
C1212,1,Low-Engagement New Customers,538.92,2.0,185.0,5.578947368421052,21498.0,4957.6,4.0,32.825,3.247091033538672,"Provide onboarding assistance, product education and early engagement campaigns."
C1213,2,Growing Active Customers,214.92,2.0,17.0,6.5,826.0,435.3,1.0,44.3,1.8234086242299794,Encourage feature adoption and plan expansion while engagement is strong.
C1214,2,Growing Active Customers,405.96,14.0,31.0,9.5,4733.0,505.5,6.0,33.93333333333333,1.8535249828884326,Encourage feature adoption and plan expansion while engagement is strong.
C1215,2,Growing Active Customers,60.76,4.0,18.0,1.2,4925.0,1392.0,5.0,32.04,2.0752908966461328,Encourage feature adoption and plan expansion while engagement is strong.
C1216,1,Low-Engagement New Customers,76.44,8.0,93.0,2.823529411764706,20645.0,4497.7,3.0,40.9,3.0855578370978782,"Provide onboarding assistance, product education and early engagement campaigns."
C1217,3,Support-Heavy At-Risk Customers,1858.76,4.0,159.0,7.916666666666667,10986.0,2178.9,5.0,34.739999999999995,3.5564681724845997,"Prioritize support resolution, proactive outreach and issue-resolution follow-up."
C1218,2,Growing Active Customers,84.28,10.0,0.0,0.0,0.0,0.0,5.0,45.62,1.68104038329911,Encourage feature adoption and plan expansion while engagement is strong.
C1219,1,Low-Engagement New Customers,160.72,18.0,147.0,4.0,24237.0,4528.6,2.0,62.05,3.5564681724845997,"Provide onboarding assistance, product education and early engagement campaigns."
C1220,1,Low-Engagement New Customers,658.68,5.0,261.0,6.478260869565218,32557.0,5894.0,5.0,54.339999999999996,3.572895277207392,"Provide onboarding assistance, product education and early engagement campaigns."
C1221,2,Growing Active Customers,80.36,9.0,108.0,3.5,15668.0,1797.4,3.0,26.233333333333334,3.351129363449692,Encourage feature adoption and plan expansion while engagement is strong.
C1222,2,Growing Active Customers,818.36,9.0,53.0,8.75,2364.0,1013.3,4.0,51.9,2.0314852840520192,Encourage feature adoption and plan expansion while engagement is strong.
C1223,2,Growing Active Customers,278.6,6.0,99.0,12.2,5520.0,1334.6999999999998,2.0,4.1,2.132785763175907,Encourage feature adoption and plan expansion while engagement is strong.
C1224,2,Growing Active Customers,898.2,11.0,44.0,1.9090909090909092,11157.0,2557.0,0.0,34.905,2.6091718001368926,Encourage feature adoption and plan expansion while engagement is strong.
C1225,1,Low-Engagement New Customers,129.36,10.0,171.0,6.117647058823529,23197.0,3609.7,4.0,39.7,3.1156741957563314,"Provide onboarding assistance, product education and early engagement campaigns."
C1226,1,Low-Engagement New Customers,246.76,4.0,159.0,4.7,31828.0,4647.5,1.0,10.9,3.3949349760438055,"Provide onboarding assistance, product education and early engagement campaigns."
C1227,2,Growing Active Customers,698.6,6.0,32.0,4.0,5699.0,784.0,2.0,14.25,2.4175222450376452,Encourage feature adoption and plan expansion while engagement is strong.
C1228,2,Growing Active Customers,230.84,3.0,16.0,0.45454545454545453,6394.0,1897.8,3.0,28.666666666666668,2.7980835044490076,Encourage feature adoption and plan expansion while engagement is strong.
C1229,2,Growing Active Customers,72.52,7.0,82.0,4.454545454545454,18424.0,2733.5,2.0,42.0,2.5872689938398357,Encourage feature adoption and plan expansion while engagement is strong.
C1230,2,Growing Active Customers,1009.04,14.0,87.0,2.588235294117647,15356.0,2902.1,3.0,21.233333333333334,3.1731690622861053,Encourage feature adoption and plan expansion while engagement is strong.
C1231,1,Low-Engagement New Customers,246.76,4.0,200.0,8.0,10884.0,3253.0,2.0,27.2,2.7953456536618755,"Provide onboarding assistance, product education and early engagement campaigns."
C1232,0,High-Value Highly Engaged,738.52,7.0,36.0,7.0,4919.0,1080.1,2.0,64.4,1.946611909650924,"Use proactive account management, loyalty benefits and expansion opportunities."
C1233,2,Growing Active Customers,578.84,3.0,67.0,6.6,3449.0,1336.2,6.0,18.466666666666665,2.105407255304586,Encourage feature adoption and plan expansion while engagement is strong.
C1234,1,Low-Engagement New Customers,68.6,6.0,437.0,12.7,31970.0,5174.0,4.0,38.875,3.3648186173853527,"Provide onboarding assistance, product education and early engagement campaigns."
C1235,2,Growing Active Customers,68.6,6.0,23.0,1.2857142857142858,6153.0,1659.6,4.0,39.0625,2.305270362765229,Encourage feature adoption and plan expansion while engagement is strong.
C1236,2,Growing Active Customers,72.52,7.0,33.0,4.2,1702.0,653.5,8.0,39.475,3.5318275154004106,Encourage feature adoption and plan expansion while engagement is strong.
C1237,2,Growing Active Customers,358.2,11.0,147.0,11.5,4833.0,1407.9,3.0,29.0,2.1820670773442847,Encourage feature adoption and plan expansion while engagement is strong.
C1238,1,Low-Engagement New Customers,88.2,11.0,138.0,3.7,15363.0,3540.7,2.0,64.1,3.3429158110882957,"Provide onboarding assistance, product education and early engagement campaigns."
C1239,3,Support-Heavy At-Risk Customers,1738.84,3.0,39.0,4.0,3607.0,753.3,5.0,34.019999999999996,3.323750855578371,"Prioritize support resolution, proactive outreach and issue-resolution follow-up."
C1240,2,Growing Active Customers,64.68,5.0,0.0,0.0,0.0,0.0,2.0,48.05,1.700205338809035,Encourage feature adoption and plan expansion while engagement is strong.
C1241,3,Support-Heavy At-Risk Customers,2098.6,6.0,201.0,6.9411764705882355,19031.0,2877.0,1.0,47.0,3.2251882272416155,"Prioritize support resolution, proactive outreach and issue-resolution follow-up."
C1242,3,Support-Heavy At-Risk Customers,2648.88,16.0,7.0,1.5,2842.0,584.8,3.0,18.400000000000002,1.8672142368240932,"Prioritize support resolution, proactive outreach and issue-resolution follow-up."
C1243,1,Low-Engagement New Customers,64.68,5.0,247.0,11.23076923076923,5532.0,3747.0,2.0,43.4,2.811772758384668,"Provide onboarding assistance, product education and early engagement campaigns."
C1244,2,Growing Active Customers,72.52,7.0,10.0,3.0,3173.0,382.8,2.0,30.8,1.8453114305270362,Encourage feature adoption and plan expansion while engagement is strong.
C1245,2,Growing Active Customers,84.28,10.0,8.0,6.0,515.0,135.0,7.0,33.42857142857143,1.7960301163586585,Encourage feature adoption and plan expansion while engagement is strong.
C1246,1,Low-Engagement New Customers,618.76,4.0,212.0,13.636363636363637,14175.0,2650.9,2.0,45.400000000000006,2.614647501711157,"Provide onboarding assistance, product education and early engagement campaigns."
C1247,2,Growing Active Customers,738.52,7.0,52.0,6.4,6475.0,1606.8,5.0,40.22,2.088980150581793,Encourage feature adoption and plan expansion while engagement is strong.
C1248,2,Growing Active Customers,738.52,7.0,118.0,8.666666666666666,4751.0,2053.2,2.0,30.099999999999998,2.43668720054757,Encourage feature adoption and plan expansion while engagement is strong.
C1249,1,Low-Engagement New Customers,698.6,6.0,287.0,7.0476190476190474,28405.0,5274.0,4.0,35.65,3.455167693360712,"Provide onboarding assistance, product education and early engagement campaigns."
C1250,3,Support-Heavy At-Risk Customers,1978.68,5.0,149.0,6.166666666666667,15122.0,3044.2,5.0,37.32000000000001,2.6803559206023273,"Prioritize support resolution, proactive outreach and issue-resolution follow-up."
C1251,1,Low-Engagement New Customers,818.36,9.0,173.0,4.636363636363637,21096.0,5475.3,3.0,42.56666666666666,3.5208761122518824,"Provide onboarding assistance, product education and early engagement campaigns."
C1252,3,Support-Heavy At-Risk Customers,2098.6,6.0,125.0,3.2222222222222223,11778.0,2571.1,3.0,43.06666666666666,3.1786447638603694,"Prioritize support resolution, proactive outreach and issue-resolution follow-up."
C1253,2,Growing Active Customers,156.8,17.0,42.0,3.0,5143.0,1055.7,8.0,32.85,2.316221765913758,Encourage feature adoption and plan expansion while engagement is strong.
C1254,1,Low-Engagement New Customers,310.44,8.0,164.0,4.238095238095238,25481.0,4801.8,4.0,39.75,3.436002737850787,"Provide onboarding assistance, product education and early engagement campaigns."
C1255,2,Growing Active Customers,310.44,8.0,3.0,0.0,1816.0,536.9,1.0,70.2,1.9164955509924708,Encourage feature adoption and plan expansion while engagement is strong.
C1256,3,Support-Heavy At-Risk Customers,1978.68,5.0,102.0,5.3,12317.0,2675.6,4.0,40.025000000000006,2.48870636550308,"Prioritize support resolution, proactive outreach and issue-resolution follow-up."
C1257,3,Support-Heavy At-Risk Customers,1858.76,4.0,30.0,3.0,2143.0,519.1,5.0,28.160000000000004,2.8528405201916494,"Prioritize support resolution, proactive outreach and issue-resolution follow-up."
C1258,2,Growing Active Customers,658.68,5.0,12.0,0.6,5646.0,743.7,1.0,26.1,2.5763175906913074,Encourage feature adoption and plan expansion while engagement is strong.
C1259,2,Growing Active Customers,778.44,8.0,65.0,15.333333333333334,2354.0,845.8,1.0,27.6,1.9000684462696784,Encourage feature adoption and plan expansion while engagement is strong.
C1260,1,Low-Engagement New Customers,818.36,6.5,191.0,5.315789473684211,27285.0,5048.2,4.0,47.8,3.2908966461327855,"Provide onboarding assistance, product education and early engagement campaigns."
C1261,3,Support-Heavy At-Risk Customers,1978.68,5.0,57.0,7.75,8191.0,345.2,3.0,31.333333333333332,2.5516769336071183,"Prioritize support resolution, proactive outreach and issue-resolution follow-up."
C1262,2,Growing Active Customers,342.28,10.0,145.0,9.555555555555555,6602.0,2172.45,3.0,38.233333333333334,2.461327857631759,Encourage feature adoption and plan expansion while engagement is strong.
C1263,3,Support-Heavy At-Risk Customers,2338.44,8.0,0.0,0.0,0.0,0.0,1.0,59.4,1.7193702943189597,"Prioritize support resolution, proactive outreach and issue-resolution follow-up."
C1264,2,Growing Active Customers,698.6,6.0,120.0,9.666666666666666,5937.0,1495.0,5.0,29.339999999999996,2.223134839151266,Encourage feature adoption and plan expansion while engagement is strong.
C1265,0,High-Value Highly Engaged,294.52,7.0,63.0,2.2666666666666666,12507.0,3705.8,4.0,45.25,2.924024640657084,"Use proactive account management, loyalty benefits and expansion opportunities."
C1266,1,Low-Engagement New Customers,342.28,10.0,315.0,9.777777777777779,20437.0,4693.3,3.0,44.53333333333333,3.2279260780287475,"Provide onboarding assistance, product education and early engagement campaigns."
C1267,3,Support-Heavy At-Risk Customers,2098.6,6.0,39.0,3.6666666666666665,3648.0,589.0,5.0,38.980000000000004,2.8774811772758384,"Prioritize support resolution, proactive outreach and issue-resolution follow-up."
C1268,1,Low-Engagement New Customers,80.36,9.0,248.0,8.529411764705882,15619.0,5012.1,1.0,16.2,3.0965092402464065,"Provide onboarding assistance, product education and early engagement campaigns."
C1269,2,Growing Active Customers,294.52,7.0,84.0,3.6666666666666665,8242.0,2310.9,4.0,43.075,2.6913073237508556,Encourage feature adoption and plan expansion while engagement is strong.
C1270,2,Growing Active Customers,294.52,7.0,114.0,9.857142857142858,7061.0,1771.6,3.0,30.23333333333333,2.2587268993839835,Encourage feature adoption and plan expansion while engagement is strong.
C1271,2,Growing Active Customers,294.52,7.0,18.0,14.0,5502.0,424.2,1.0,4.1,1.787816563997262,Encourage feature adoption and plan expansion while engagement is strong.
C1272,3,Support-Heavy At-Risk Customers,2218.52,7.0,38.0,1.6666666666666667,10902.0,2523.5,5.0,36.839999999999996,2.4175222450376452,"Prioritize support resolution, proactive outreach and issue-resolution follow-up."
C1273,1,Low-Engagement New Customers,818.36,9.0,175.0,3.772727272727273,33715.0,5628.7,2.0,61.1,3.5044490075290895,"Provide onboarding assistance, product education and early engagement campaigns."
C1274,2,Growing Active Customers,342.28,10.0,31.0,3.0,1180.0,638.4000000000001,2.0,46.55,1.9685147159479808,Encourage feature adoption and plan expansion while engagement is strong.
C1275,3,Support-Heavy At-Risk Customers,1499.0,1.0,139.0,7.0,11043.0,2475.4,2.0,21.65,3.052703627652293,"Prioritize support resolution, proactive outreach and issue-resolution follow-up."
C1276,2,Growing Active Customers,246.76,4.0,55.0,6.2,4277.0,980.6,4.0,4.65,2.2559890485968515,Encourage feature adoption and plan expansion while engagement is strong.
C1277,0,High-Value Highly Engaged,278.6,8.0,89.0,2.1578947368421053,16519.0,3345.1,3.0,55.76666666666667,3.682409308692676,"Use proactive account management, loyalty benefits and expansion opportunities."
C1278,2,Growing Active Customers,72.52,7.0,30.0,1.4545454545454546,7009.0,1913.0,6.0,25.349999999999998,2.6119096509240247,Encourage feature adoption and plan expansion while engagement is strong.
C1279,2,Growing Active Customers,80.36,9.0,29.0,1.7142857142857142,3445.0,1172.6,3.0,22.3,2.2669404517453797,Encourage feature adoption and plan expansion while engagement is strong.
C1280,2,Growing Active Customers,278.6,6.0,160.0,9.333333333333334,11578.0,2001.1,7.0,33.5,2.4695414099931554,Encourage feature adoption and plan expansion while engagement is strong.
C1281,3,Support-Heavy At-Risk Customers,2098.6,6.0,17.0,0.5,6342.0,1384.6,2.0,47.95,2.3572895277207393,"Prioritize support resolution, proactive outreach and issue-resolution follow-up."
C1282,3,Support-Heavy At-Risk Customers,1978.68,5.0,11.0,7.0,333.0,297.4,5.0,51.279999999999994,1.809719370294319,"Prioritize support resolution, proactive outreach and issue-resolution follow-up."
C1283,1,Low-Engagement New Customers,84.28,10.0,109.0,2.2857142857142856,33201.0,5185.6,1.0,44.2,3.479808350444901,"Provide onboarding assistance, product education and early engagement campaigns."
C1284,3,Support-Heavy At-Risk Customers,1978.68,5.0,23.0,16.0,567.0,301.8,3.0,40.96666666666667,1.7440109514031485,"Prioritize support resolution, proactive outreach and issue-resolution follow-up."
C1285,1,Low-Engagement New Customers,778.44,8.0,44.0,0.65,25716.0,5267.7,2.0,61.0,3.353867214236824,"Provide onboarding assistance, product education and early engagement campaigns."
C1286,1,Low-Engagement New Customers,326.36,9.0,108.0,4.266666666666667,15708.0,4471.4,1.0,1.7,2.9130732375085557,"Provide onboarding assistance, product education and early engagement campaigns."
C1287,2,Growing Active Customers,230.84,3.0,35.0,0.6,9304.0,2185.2,4.0,49.175,3.0444900752908968,Encourage feature adoption and plan expansion while engagement is strong.
C1288,3,Support-Heavy At-Risk Customers,1618.92,2.0,65.0,9.25,4303.0,1241.9,1.0,16.5,2.0424366872005475,"Prioritize support resolution, proactive outreach and issue-resolution follow-up."
C1289,1,Low-Engagement New Customers,262.68,5.0,99.0,2.3043478260869565,18126.0,5878.4,2.0,35.85,3.6139630390143735,"Provide onboarding assistance, product education and early engagement campaigns."
C1290,1,Low-Engagement New Customers,2578.28,10.0,429.0,13.15,19734.0,5312.5,4.0,24.025,3.381245722108145,"Provide onboarding assistance, product education and early engagement campaigns."
C1291,2,Growing Active Customers,60.76,4.0,38.0,16.0,1083.0,559.7,4.0,17.35,1.8179329226557153,Encourage feature adoption and plan expansion while engagement is strong.
C1292,0,High-Value Highly Engaged,262.68,5.0,148.0,13.428571428571429,7588.0,1746.3,4.0,49.75,2.297056810403833,"Use proactive account management, loyalty benefits and expansion opportunities."
C1293,2,Growing Active Customers,278.6,6.0,26.0,1.7142857142857142,7099.0,1628.1000000000001,6.0,25.75,2.316221765913758,Encourage feature adoption and plan expansion while engagement is strong.
C1294,2,Growing Active Customers,358.2,11.0,54.0,4.0,5014.0,954.1,4.0,31.5,3.1731690622861053,Encourage feature adoption and plan expansion while engagement is strong.
C1295,2,Growing Active Customers,278.6,6.0,34.0,2.375,10257.0,1979.5,0.0,34.905,2.3901437371663246,Encourage feature adoption and plan expansion while engagement is strong.
C1296,1,Low-Engagement New Customers,658.68,5.0,270.0,7.260869565217392,35849.0,5533.3,4.0,20.3,3.6167008898015056,"Provide onboarding assistance, product education and early engagement campaigns."
C1297,1,Low-Engagement New Customers,698.6,6.0,249.0,8.0625,21600.0,3892.8,5.0,21.32,3.025325119780972,"Provide onboarding assistance, product education and early engagement campaigns."
C1298,1,Low-Engagement New Customers,56.84,3.0,86.0,2.4761904761904763,33580.0,5773.7,4.0,28.75,3.4496919917864477,"Provide onboarding assistance, product education and early engagement campaigns."
C1299,1,Low-Engagement New Customers,374.12,12.0,90.0,2.2941176470588234,15257.0,4051.2,2.0,36.35,3.0910335386721424,"Provide onboarding assistance, product education and early engagement campaigns."
C1300,1,Low-Engagement New Customers,278.6,6.0,380.0,12.052631578947368,34583.0,4866.2,3.0,46.93333333333334,3.268993839835729,"Provide onboarding assistance, product education and early engagement campaigns."
C1301,2,Growing Active Customers,230.84,3.0,11.0,0.4,6813.0,812.3000000000001,2.0,26.4,3.586584531143053,Encourage feature adoption and plan expansion while engagement is strong.
C1302,2,Growing Active Customers,778.44,8.0,77.0,6.25,8309.0,1825.5,3.0,48.800000000000004,2.3682409308692676,Encourage feature adoption and plan expansion while engagement is strong.
C1303,1,Low-Engagement New Customers,72.52,7.0,114.0,3.2941176470588234,25160.0,3767.85,7.0,39.785714285714285,3.1129363449691994,"Provide onboarding assistance, product education and early engagement campaigns."
C1304,1,Low-Engagement New Customers,64.68,5.0,67.0,2.6666666666666665,19245.0,3904.9,4.0,29.3,2.937713894592745,"Provide onboarding assistance, product education and early engagement campaigns."
C1305,2,Growing Active Customers,262.68,7.0,3.0,0.5,1195.0,452.9,5.0,34.04,1.8973305954825461,Encourage feature adoption and plan expansion while engagement is strong.
C1306,2,Growing Active Customers,72.52,7.0,58.0,3.5714285714285716,1996.0,1826.45,3.0,53.53333333333334,2.2532511978097194,Encourage feature adoption and plan expansion while engagement is strong.
C1307,1,Low-Engagement New Customers,278.6,6.0,318.0,12.9375,23183.0,3595.7,4.0,20.65,3.060917180013689,"Provide onboarding assistance, product education and early engagement campaigns."
C1308,3,Support-Heavy At-Risk Customers,2458.36,9.0,20.0,1.5,8021.0,1899.9,1.0,60.55,2.1683778234086244,"Prioritize support resolution, proactive outreach and issue-resolution follow-up."
C1309,1,Low-Engagement New Customers,80.36,9.0,183.0,4.6521739130434785,29738.0,6219.4,3.0,25.96666666666667,3.6331279945242985,"Provide onboarding assistance, product education and early engagement campaigns."
C1310,0,High-Value Highly Engaged,778.44,8.0,45.0,4.0,13369.0,1260.3,3.0,46.133333333333326,2.083504449007529,"Use proactive account management, loyalty benefits and expansion opportunities."
C1311,2,Growing Active Customers,64.68,5.0,9.0,0.75,3374.0,688.5,1.0,32.0,2.5023956194387407,Encourage feature adoption and plan expansion while engagement is strong.
C1312,2,Growing Active Customers,326.36,9.0,61.0,2.076923076923077,15900.0,4051.4,5.0,30.96,2.8062970568104038,Encourage feature adoption and plan expansion while engagement is strong.
C1313,1,Low-Engagement New Customers,1978.68,5.0,315.0,9.263157894736842,17519.0,5072.05,9.0,45.12222222222222,3.238877481177276,"Provide onboarding assistance, product education and early engagement campaigns."
C1314,1,Low-Engagement New Customers,310.44,8.0,328.0,7.541666666666667,27367.0,6332.6,2.0,23.799999999999997,3.7207392197125255,"Provide onboarding assistance, product education and early engagement campaigns."
C1315,2,Growing Active Customers,52.92,2.0,92.0,9.0,7901.0,1652.9,1.0,26.9,2.2012320328542097,Encourage feature adoption and plan expansion while engagement is strong.
C1316,1,Low-Engagement New Customers,342.28,10.0,56.0,1.411764705882353,23575.0,4249.55,2.0,38.55,3.077344284736482,"Provide onboarding assistance, product education and early engagement campaigns."
C1317,2,Growing Active Customers,326.36,9.0,29.0,3.0,6862.0,1219.8,4.0,34.85,2.105407255304586,Encourage feature adoption and plan expansion while engagement is strong.
C1318,1,Low-Engagement New Customers,64.68,5.0,130.0,4.375,15540.0,4100.8,2.0,27.4,2.9924709103353866,"Provide onboarding assistance, product education and early engagement campaigns."
C1319,2,Growing Active Customers,278.6,6.0,59.0,6.4,7850.0,1122.0,4.0,34.625,2.138261464750171,Encourage feature adoption and plan expansion while engagement is strong.
C1320,2,Growing Active Customers,326.36,9.0,108.0,7.875,8942.0,1037.3,1.0,62.7,2.3600273785078714,Encourage feature adoption and plan expansion while engagement is strong.
C1321,2,Growing Active Customers,68.6,6.0,58.0,6.8,6043.0,1281.7,5.0,29.96,2.1437371663244353,Encourage feature adoption and plan expansion while engagement is strong.
C1322,1,Low-Engagement New Customers,294.52,7.0,187.0,6.4375,14926.0,3556.0,5.0,43.9,3.0362765229295,"Provide onboarding assistance, product education and early engagement campaigns."
C1323,1,Low-Engagement New Customers,68.6,6.0,119.0,4.733333333333333,25779.0,3884.7,4.0,52.625,2.9048596851471595,"Provide onboarding assistance, product education and early engagement campaigns."
C1324,1,Low-Engagement New Customers,2458.36,9.0,464.0,12.217391304347826,27156.0,6137.2,4.0,19.3,3.62217659137577,"Provide onboarding assistance, product education and early engagement campaigns."
C1325,0,High-Value Highly Engaged,2338.44,8.0,91.0,2.4,20107.0,5372.2,4.0,62.10000000000001,3.381245722108145,"Use proactive account management, loyalty benefits and expansion opportunities."
C1326,1,Low-Engagement New Customers,76.44,8.0,375.0,9.090909090909092,28413.0,5655.7,1.0,16.7,3.5017111567419574,"Provide onboarding assistance, product education and early engagement campaigns."
C1327,1,Low-Engagement New Customers,2098.6,6.0,281.0,7.5,35133.0,6907.5,5.0,42.28,3.7097878165639973,"Provide onboarding assistance, product education and early engagement campaigns."
C1328,2,Growing Active Customers,342.28,10.0,115.0,6.0,6444.0,2256.3,4.0,46.775,3.3347022587268995,Encourage feature adoption and plan expansion while engagement is strong.
C1329,2,Growing Active Customers,76.44,8.0,23.0,1.1428571428571428,12493.0,1366.4,3.0,25.933333333333334,2.2888432580424367,Encourage feature adoption and plan expansion while engagement is strong.
C1330,1,Low-Engagement New Customers,538.92,2.0,61.0,1.25,21236.0,5245.4,1.0,25.5,3.3675564681724848,"Provide onboarding assistance, product education and early engagement campaigns."
C1331,1,Low-Engagement New Customers,310.44,8.0,162.0,5.117647058823529,11401.0,2798.7999999999997,2.0,21.5,3.0882956878850103,"Provide onboarding assistance, product education and early engagement campaigns."
C1332,2,Growing Active Customers,618.76,4.0,47.0,9.5,3926.0,645.0999999999999,1.0,29.1,1.8699520876112252,Encourage feature adoption and plan expansion while engagement is strong.
C1333,1,Low-Engagement New Customers,278.6,6.0,156.0,6.285714285714286,10453.0,2117.0,5.0,34.959999999999994,3.356605065023956,"Provide onboarding assistance, product education and early engagement campaigns."
C1334,3,Support-Heavy At-Risk Customers,1978.68,5.0,0.0,0.0,0.0,0.0,1.0,35.7,1.727583846680356,"Prioritize support resolution, proactive outreach and issue-resolution follow-up."
C1335,1,Low-Engagement New Customers,778.44,8.0,371.0,13.235294117647058,32222.0,3873.7,4.0,40.825,3.1101984941820673,"Provide onboarding assistance, product education and early engagement campaigns."
C1336,1,Low-Engagement New Customers,658.68,5.0,135.0,3.5789473684210527,24018.0,4746.2,1.0,8.1,3.3127994524298425,"Provide onboarding assistance, product education and early engagement campaigns."
C1337,2,Growing Active Customers,230.84,3.0,24.0,0.5833333333333334,8117.0,2377.6,0.0,34.905,2.6913073237508556,Encourage feature adoption and plan expansion while engagement is strong.
C1338,1,Low-Engagement New Customers,342.28,10.0,324.0,8.80952380952381,25562.0,4094.25,6.0,36.78333333333334,3.433264887063655,"Provide onboarding assistance, product education and early engagement campaigns."
C1339,1,Low-Engagement New Customers,278.6,6.0,199.0,5.086956521739131,39221.0,5427.7,5.0,38.08,3.586584531143053,"Provide onboarding assistance, product education and early engagement campaigns."
C1340,2,Growing Active Customers,88.2,11.0,167.0,10.5,12606.0,2544.1,2.0,24.950000000000003,2.5544147843942504,Encourage feature adoption and plan expansion while engagement is strong.
C1341,1,Low-Engagement New Customers,2218.52,7.0,343.0,8.363636363636363,22093.0,5804.1,4.0,15.6375,3.5564681724845997,"Provide onboarding assistance, product education and early engagement campaigns."
C1342,1,Low-Engagement New Customers,76.44,8.0,133.0,3.75,30750.0,5193.0,4.0,18.1,3.326488706365503,"Provide onboarding assistance, product education and early engagement campaigns."
C1343,2,Growing Active Customers,72.52,7.0,6.0,2.0,646.0,216.6,0.0,34.905,1.78507871321013,Encourage feature adoption and plan expansion while engagement is strong.
C1344,1,Low-Engagement New Customers,262.68,5.0,327.0,10.588235294117647,19815.0,4157.9,2.0,32.8,3.0691307323750854,"Provide onboarding assistance, product education and early engagement campaigns."
C1345,3,Support-Heavy At-Risk Customers,2098.6,5.0,260.0,11.727272727272727,7106.0,2910.7,2.0,11.8,2.642026009582478,"Prioritize support resolution, proactive outreach and issue-resolution follow-up."
C1346,2,Growing Active Customers,326.36,9.0,56.0,15.0,2600.0,650.0,6.0,39.699999999999996,1.9603011635865846,Encourage feature adoption and plan expansion while engagement is strong.
C1347,1,Low-Engagement New Customers,72.52,7.0,260.0,9.571428571428571,19501.0,3277.2,0.0,34.905,2.8939082819986313,"Provide onboarding assistance, product education and early engagement campaigns."
C1348,1,Low-Engagement New Customers,618.76,4.0,91.0,3.4285714285714284,17783.0,3216.3,3.0,24.0,2.858316221765914,"Provide onboarding assistance, product education and early engagement campaigns."
C1349,3,Support-Heavy At-Risk Customers,2458.36,9.0,77.0,4.090909090909091,13157.0,2811.2,3.0,40.833333333333336,2.595482546201232,"Prioritize support resolution, proactive outreach and issue-resolution follow-up."
C1350,1,Low-Engagement New Customers,1978.68,5.0,340.0,11.0,13178.0,5130.8,4.0,31.8,3.162217659137577,"Provide onboarding assistance, product education and early engagement campaigns."
C1351,1,Low-Engagement New Customers,76.44,8.0,100.0,2.380952380952381,25714.0,4817.0,5.0,34.18,3.4414784394250515,"Provide onboarding assistance, product education and early engagement campaigns."
C1352,3,Support-Heavy At-Risk Customers,2578.28,10.0,95.0,6.0,9294.0,2619.7,4.0,22.475,2.532511978097194,"Prioritize support resolution, proactive outreach and issue-resolution follow-up."
C1353,2,Growing Active Customers,68.6,6.0,0.0,0.0,0.0,0.0,2.0,39.5,1.7193702943189597,Encourage feature adoption and plan expansion while engagement is strong.
C1354,1,Low-Engagement New Customers,99.96,14.0,378.0,7.708333333333333,28945.0,5921.9,4.0,44.225,3.7152635181382614,"Provide onboarding assistance, product education and early engagement campaigns."
C1355,2,Growing Active Customers,698.6,11.0,26.0,4.0,549.0,642.7,4.0,38.75,1.9630390143737166,Encourage feature adoption and plan expansion while engagement is strong.
C1356,2,Growing Active Customers,618.76,4.0,91.0,4.636363636363637,15046.0,2665.6,2.0,24.95,2.595482546201232,Encourage feature adoption and plan expansion while engagement is strong.
C1357,1,Low-Engagement New Customers,262.68,5.0,233.0,5.583333333333333,27064.0,5955.8,3.0,33.233333333333334,3.679671457905544,"Provide onboarding assistance, product education and early engagement campaigns."
C1358,0,High-Value Highly Engaged,64.68,5.0,179.0,5.75,15750.0,2483.05,4.0,18.85,3.184120465434634,"Use proactive account management, loyalty benefits and expansion opportunities."
C1359,2,Growing Active Customers,658.68,5.0,0.0,0.0,0.0,0.0,3.0,26.133333333333336,1.6673511293634498,Encourage feature adoption and plan expansion while engagement is strong.
C1360,2,Growing Active Customers,60.76,4.0,31.0,3.0,4024.0,1431.0,2.0,51.7,2.1409993155373033,Encourage feature adoption and plan expansion while engagement is strong.
C1361,2,Growing Active Customers,658.68,5.0,57.0,7.0,2829.0,666.7,1.0,24.1,1.9110198494182067,Encourage feature adoption and plan expansion while engagement is strong.
C1362,1,Low-Engagement New Customers,64.68,5.0,272.0,6.181818181818182,26479.0,5805.2,6.0,51.15,3.488021902806297,"Provide onboarding assistance, product education and early engagement campaigns."
C1363,2,Growing Active Customers,310.44,8.0,34.0,3.2,5301.0,1284.0,6.0,40.38333333333333,2.1245722108145104,Encourage feature adoption and plan expansion while engagement is strong.
C1364,3,Support-Heavy At-Risk Customers,1978.68,5.0,159.0,6.0,8615.0,2987.35,4.0,32.0,2.817248459958932,"Prioritize support resolution, proactive outreach and issue-resolution follow-up."
C1365,2,Growing Active Customers,778.44,8.0,141.0,11.571428571428571,9231.0,2000.6,1.0,38.7,2.2477754962354553,Encourage feature adoption and plan expansion while engagement is strong.
C1366,2,Growing Active Customers,278.6,6.0,107.0,8.428571428571429,7097.0,2152.4,6.0,37.416666666666664,2.305270362765229,Encourage feature adoption and plan expansion while engagement is strong.
C1367,2,Growing Active Customers,76.44,8.0,30.0,9.5,1044.0,394.4,4.0,40.775,1.8973305954825461,Encourage feature adoption and plan expansion while engagement is strong.
C1368,2,Growing Active Customers,52.92,2.0,59.0,7.75,3218.0,802.4,3.0,20.46666666666667,2.0424366872005475,Encourage feature adoption and plan expansion while engagement is strong.
C1369,3,Support-Heavy At-Risk Customers,2098.6,6.0,39.0,13.5,1702.0,386.6,5.0,46.2,1.8206707734428473,"Prioritize support resolution, proactive outreach and issue-resolution follow-up."
C1370,1,Low-Engagement New Customers,658.68,5.0,117.0,4.0,20215.0,3369.5,2.0,34.75,2.8939082819986313,"Provide onboarding assistance, product education and early engagement campaigns."
C1371,1,Low-Engagement New Customers,262.68,5.0,213.0,7.6,11450.0,3404.2,4.0,32.65,2.965092402464066,"Provide onboarding assistance, product education and early engagement campaigns."
C1372,2,Growing Active Customers,294.52,7.0,135.0,11.333333333333334,10411.0,1409.4,3.0,54.26666666666667,2.195756331279945,Encourage feature adoption and plan expansion while engagement is strong.
C1373,1,Low-Engagement New Customers,60.76,4.0,259.0,9.0625,17279.0,3595.6,1.0,60.5,3.0143737166324436,"Provide onboarding assistance, product education and early engagement campaigns."
C1374,1,Low-Engagement New Customers,778.44,8.0,182.0,6.846153846153846,16074.0,2841.3,3.0,44.56666666666666,2.7898699520876113,"Provide onboarding assistance, product education and early engagement campaigns."
C1375,0,High-Value Highly Engaged,68.6,6.0,65.0,1.4545454545454546,14998.0,4614.0,4.0,36.575,3.490759753593429,"Use proactive account management, loyalty benefits and expansion opportunities."
C1376,1,Low-Engagement New Customers,310.44,8.0,390.0,12.473684210526315,18075.0,4472.3,1.0,23.1,3.241615331964408,"Provide onboarding assistance, product education and early engagement campaigns."
C1377,2,Growing Active Customers,698.6,6.0,61.0,4.666666666666667,5568.0,918.5,5.0,39.239999999999995,2.212183436002738,Encourage feature adoption and plan expansion while engagement is strong.
C1378,2,Growing Active Customers,383.20000000000005,12.0,23.0,0.5,12094.0,2126.9,4.0,53.199999999999996,2.8281998631074607,Encourage feature adoption and plan expansion while engagement is strong.
C1379,1,Low-Engagement New Customers,60.76,4.0,153.0,8.272727272727273,17385.0,2762.1,6.0,25.849999999999998,2.625598904859685,"Provide onboarding assistance, product education and early engagement campaigns."
C1380,3,Support-Heavy At-Risk Customers,1618.92,2.0,98.0,8.0,4795.0,1041.8,4.0,32.65,2.2888432580424367,"Prioritize support resolution, proactive outreach and issue-resolution follow-up."
C1381,3,Support-Heavy At-Risk Customers,2218.52,7.0,122.0,3.75,19174.0,3539.7,3.0,28.633333333333336,3.3319644079397674,"Prioritize support resolution, proactive outreach and issue-resolution follow-up."
C1382,2,Growing Active Customers,68.6,6.0,57.0,10.25,2293.0,824.7,1.0,11.9,1.998631074606434,Encourage feature adoption and plan expansion while engagement is strong.
C1383,2,Growing Active Customers,92.12,12.0,15.0,1.4,4430.0,1196.4,6.0,47.416666666666664,2.1409993155373033,Encourage feature adoption and plan expansion while engagement is strong.
C1384,3,Support-Heavy At-Risk Customers,2098.6,6.0,61.0,7.4,10271.0,1455.2,3.0,13.9,2.080766598220397,"Prioritize support resolution, proactive outreach and issue-resolution follow-up."
C1385,3,Support-Heavy At-Risk Customers,2218.52,7.0,3.0,0.5,3759.0,155.89999999999998,5.0,52.879999999999995,1.8617385352498288,"Prioritize support resolution, proactive outreach and issue-resolution follow-up."
C1386,1,Low-Engagement New Customers,72.52,7.0,383.0,8.416666666666666,37376.0,6491.4,6.0,39.43333333333333,3.676933607118412,"Provide onboarding assistance, product education and early engagement campaigns."
C1387,2,Growing Active Customers,310.44,8.0,198.0,12.0,8754.0,2195.05,4.0,45.575,2.516084873374401,Encourage feature adoption and plan expansion while engagement is strong.
C1388,1,Low-Engagement New Customers,310.44,8.0,205.0,5.526315789473684,19246.0,4486.2,1.0,42.7,3.299110198494182,"Provide onboarding assistance, product education and early engagement campaigns."
C1389,2,Growing Active Customers,738.52,7.0,137.0,5.5,14494.0,2479.7,2.0,32.65,2.732375085557837,Encourage feature adoption and plan expansion while engagement is strong.
C1390,2,Growing Active Customers,278.6,6.0,18.0,0.5,2927.0,1417.5,5.0,22.119999999999997,2.568104038329911,Encourage feature adoption and plan expansion while engagement is strong.
C1391,2,Growing Active Customers,68.6,6.0,30.0,0.9285714285714286,17849.0,3522.9,5.0,36.78,2.8720054757015743,Encourage feature adoption and plan expansion while engagement is strong.
C1392,1,Low-Engagement New Customers,64.68,5.0,390.0,11.380952380952381,20619.0,4813.3,2.0,39.9,3.46611909650924,"Provide onboarding assistance, product education and early engagement campaigns."
C1393,1,Low-Engagement New Customers,278.6,6.0,335.0,12.2,12121.0,3897.7,3.0,36.0,2.97056810403833,"Provide onboarding assistance, product education and early engagement campaigns."
C1394,1,Low-Engagement New Customers,278.6,6.0,269.0,7.15,21963.0,4565.3,3.0,40.699999999999996,3.3867214236824092,"Provide onboarding assistance, product education and early engagement campaigns."
C1395,3,Support-Heavy At-Risk Customers,3177.88,15.0,24.0,7.5,1661.0,515.4,5.0,32.739999999999995,1.8863791923340179,"Prioritize support resolution, proactive outreach and issue-resolution follow-up."
C1396,2,Growing Active Customers,326.36,9.0,67.0,4.428571428571429,4077.0,1243.5,3.0,28.900000000000002,2.7707049965776864,Encourage feature adoption and plan expansion while engagement is strong.
C1397,2,Growing Active Customers,938.12,12.0,13.0,8.0,16.0,317.7,3.0,23.433333333333337,1.7631759069130732,Encourage feature adoption and plan expansion while engagement is strong.
C1398,0,High-Value Highly Engaged,326.36,9.0,41.0,1.25,9588.0,1926.9,4.0,48.150000000000006,2.6776180698151952,"Use proactive account management, loyalty benefits and expansion opportunities."
C1399,2,Growing Active Customers,658.68,5.0,82.0,5.4,6783.0,1484.0,1.0,57.6,2.4914442162902124,Encourage feature adoption and plan expansion while engagement is strong.
C1400,2,Growing Active Customers,294.52,7.0,32.0,7.0,5950.0,891.9,2.0,53.55,1.9356605065023955,Encourage feature adoption and plan expansion while engagement is strong.
C1401,2,Growing Active Customers,342.28,10.0,27.0,1.0,3975.0,2021.3,4.0,33.975,2.529774127310062,Encourage feature adoption and plan expansion while engagement is strong.
C1402,2,Growing Active Customers,262.68,5.0,13.0,10.0,849.0,74.1,3.0,55.5,1.809719370294319,Encourage feature adoption and plan expansion while engagement is strong.
C1403,2,Growing Active Customers,278.6,6.0,81.0,11.6,4055.0,1043.2,4.0,34.425,2.11088295687885,Encourage feature adoption and plan expansion while engagement is strong.
C1404,1,Low-Engagement New Customers,778.44,8.0,97.0,6.2,21353.0,2800.1,4.0,24.049999999999997,2.5489390828199863,"Provide onboarding assistance, product education and early engagement campaigns."
C1405,2,Growing Active Customers,246.76,4.0,40.0,2.888888888888889,5040.0,1807.8,1.0,29.5,2.4640657084188913,Encourage feature adoption and plan expansion while engagement is strong.
C1406,2,Growing Active Customers,278.6,6.0,56.0,3.111111111111111,6046.0,2000.8,5.0,28.459999999999997,2.433949349760438,Encourage feature adoption and plan expansion while engagement is strong.
C1407,2,Growing Active Customers,738.52,7.0,58.0,12.333333333333334,5500.0,712.9,2.0,17.65,1.9219712525667352,Encourage feature adoption and plan expansion while engagement is strong.
C1408,1,Low-Engagement New Customers,68.6,6.0,115.0,4.2,18026.0,3963.7,3.0,32.83333333333333,2.9295003422313486,"Provide onboarding assistance, product education and early engagement campaigns."
C1409,2,Growing Active Customers,68.6,6.0,77.0,4.6,6868.0,1414.0,2.0,6.1,3.345653661875428,Encourage feature adoption and plan expansion while engagement is strong.
C1410,2,Growing Active Customers,326.36,9.0,62.0,7.4,1973.0,835.7,2.0,35.2,2.521560574948665,Encourage feature adoption and plan expansion while engagement is strong.
C1411,2,Growing Active Customers,262.68,5.0,0.0,0.0,0.0,0.0,5.0,60.2,1.7138945927446954,Encourage feature adoption and plan expansion while engagement is strong.
C1412,3,Support-Heavy At-Risk Customers,2534.8,17.0,38.0,2.375,6903.0,1135.95,1.0,70.0,2.3627652292950034,"Prioritize support resolution, proactive outreach and issue-resolution follow-up."
C1413,1,Low-Engagement New Customers,246.76,4.0,113.0,3.5625,20979.0,3694.6,3.0,32.06666666666667,3.0390143737166326,"Provide onboarding assistance, product education and early engagement campaigns."
C1414,2,Growing Active Customers,326.36,9.0,78.0,7.166666666666667,4052.0,1057.6,4.0,21.1,2.737850787132101,Encourage feature adoption and plan expansion while engagement is strong.
C1415,2,Growing Active Customers,778.44,8.0,92.0,4.636363636363637,16485.0,2493.7,3.0,33.233333333333334,2.617385352498289,Encourage feature adoption and plan expansion while engagement is strong.
C1416,1,Low-Engagement New Customers,658.68,5.0,410.0,8.5,34294.0,6123.9,4.0,31.7,3.7234770704996576,"Provide onboarding assistance, product education and early engagement campaigns."
C1417,2,Growing Active Customers,326.36,9.0,15.0,2.5,4770.0,308.5,4.0,43.974999999999994,3.468856947296372,Encourage feature adoption and plan expansion while engagement is strong.
C1418,2,Growing Active Customers,326.36,9.0,96.0,4.230769230769231,16747.0,3229.35,1.0,55.7,2.7734428473648185,Encourage feature adoption and plan expansion while engagement is strong.
C1419,2,Growing Active Customers,294.52,7.0,33.0,11.0,2478.0,372.9,1.0,49.8,1.8206707734428473,Encourage feature adoption and plan expansion while engagement is strong.
C1420,0,High-Value Highly Engaged,278.6,6.0,120.0,2.6818181818181817,24182.0,4839.6,3.0,22.433333333333334,3.5537303216974676,"Use proactive account management, loyalty benefits and expansion opportunities."
